رقم الوثيقة,العنوان,ملف العيّنة,صفحة عامة,صفحة الوثيقة,كلمات,حروف عربية,حروف غير عربية,رموز غريبة,نسبة التشوه%,أسطر قصيرة,أسطر أرقام,لاتيني داخل عربي,نسبة عربية,انتظام الأسطر,درجة الجودة,التقدير,درجة الخطر,الإجراء المقترح,مقتطف
1DC1orSl,شكوى لدى المجلس الأعلى للقضاء ضد الدائرة,p1.pdf,1,1,276,1174,-8,0,0.0,0,0,0,1.007,1.0,85.4,ممتازة,14.6,مقبول,صالءا ا : - يدانت محامون ومستشارون قانونيون (مئث 1938) ز.م.م بالتعاون مع فريشفيل
1DC1orSl,شكوى لدى المجلس الأعلى للقضاء ضد الدائرة,p1.pdf,2,2,0,0,0,0,0.0,0,0,0,0.0,1.0,30.0,ضعيفة,70.0,يحتاج مراجعة بشرية,
1_edl-6w,صفحة 1 من تقديم الشكوى,p2.pdf,3,1,83,375,0,0,0.0,0,0,0,1.0,1.0,85.0,ممتازة,15.0,مقبول,6ه خدمة الشكوى لئلة الإلكترونية . - © الرئيسية ‏ © بياناتي © المساعدة شكوى جديدة
1_edl-6w,صفحة 1 من تقديم الشكوى,p2.pdf,4,2,18,77,0,0,0.0,0,0,0,1.0,1.0,85.0,ممتازة,15.0,مقبول,0 خدمة الشكوى لقلد الإلكترونية 5 المجحلس الاعلى للقصاء نذا 24 زا 4 عن المجحلس ال
1j2VYyYF,مرفق 4 ـ مذكرة أبو راشد ـ 28-01-1443,p3.pdf,5,1,283,1092,-19,0,0.0,0,0,0,1.018,1.0,86.0,ممتازة,14.0,مقبول,مكتب المحامي 0 2 01 011166 ناا ءِ 9 7 3 8 خالد سامى ايو راشد ل 53510 ناطث ألص5 ل
1j2VYyYF,مرفق 4 ـ مذكرة أبو راشد ـ 28-01-1443,p3.pdf,6,2,70,217,-3,0,0.0,0,0,0,1.014,1.0,85.8,ممتازة,14.2,مقبول,هله ناجز م + 1م ف : ْ 0 سل سي م ع عست سب ا سس بن حب سس تر او عي سن لسبةاالسذ سنا
1GZX5Ags,صورة تقديم الشكوى ـ 243138211,p4.pdf,7,1,104,357,0,0,0.0,0,0,0,1.0,1.0,85.0,ممتازة,15.0,مقبول,6. م خدمة الشكوى لقلا الإلكترونية © - # الرئيسية هنا بياناق © المساعدة الصفحة ال
1GZX5Ags,صورة تقديم الشكوى ـ 243138211,p4.pdf,8,2,52,180,0,0,0.0,0,0,0,1.0,1.0,85.0,ممتازة,15.0,مقبول,6ه آ خدمة الشكوى لقل الإلكترونية 1 # الرئيسية جا بياناق © المساعدة 01 0060011777
1GZX5Ags,صورة تقديم الشكوى ـ 243138211,p4.pdf,9,3,55,191,-1,0,0.0,0,0,0,1.005,1.0,85.3,ممتازة,14.7,مقبول,6ه آ خدمة الشكوى ألقل الإلكترونية : # الرئيسية ينا بياناق © المساعدة © سجل الطلب
