fid,title,صفحة,كلمات,نسبة عربية,رموز,جودة,تقدير,خطر
1sMG49XQ,محضر تفويض المحكمة وكيل السيد/ عدنان تحد,1,183,1.04,0,84.3,ممتازة,15.7
1sMG49XQ,محضر تفويض المحكمة وكيل السيد/ عدنان تحد,2,277,1.002,0,85.1,ممتازة,14.9
1lDpKxh0,تذكرة تقديم طلب التماس إعادة نظر في القض,1,375,1.061,0,86.2,ممتازة,13.8
1lDpKxh0,تذكرة تقديم طلب التماس إعادة نظر في القض,2,482,1.015,0,84.6,ممتازة,15.4
1lDpKxh0,تذكرة تقديم طلب التماس إعادة نظر في القض,3,494,1.021,0,85.0,ممتازة,15.0
1lDpKxh0,تذكرة تقديم طلب التماس إعادة نظر في القض,4,354,1.012,0,81.4,ممتازة,18.6
1lDpKxh0,تذكرة تقديم طلب التماس إعادة نظر في القض,5,431,1.021,0,84.7,ممتازة,15.3
1lDpKxh0,تذكرة تقديم طلب التماس إعادة نظر في القض,6,568,1.006,0,84.1,ممتازة,15.9
1lDpKxh0,تذكرة تقديم طلب التماس إعادة نظر في القض,7,605,1.009,0,85.5,ممتازة,14.5
1lDpKxh0,تذكرة تقديم طلب التماس إعادة نظر في القض,8,567,1.006,0,85.3,ممتازة,14.7
1lDpKxh0,تذكرة تقديم طلب التماس إعادة نظر في القض,9,576,1.007,0,84.2,ممتازة,15.8
1lDpKxh0,تذكرة تقديم طلب التماس إعادة نظر في القض,10,557,1.007,0,85.4,ممتازة,14.6
1lDpKxh0,تذكرة تقديم طلب التماس إعادة نظر في القض,11,587,1.006,0,85.3,ممتازة,14.7
1lDpKxh0,تذكرة تقديم طلب التماس إعادة نظر في القض,12,569,1.004,0,85.2,ممتازة,14.8
1lDpKxh0,تذكرة تقديم طلب التماس إعادة نظر في القض,13,584,1.009,0,84.3,ممتازة,15.7
1lDpKxh0,تذكرة تقديم طلب التماس إعادة نظر في القض,14,610,1.004,0,84.1,ممتازة,15.9
1lDpKxh0,تذكرة تقديم طلب التماس إعادة نظر في القض,15,569,1.002,0,83.9,ممتازة,16.1
1lDpKxh0,تذكرة تقديم طلب التماس إعادة نظر في القض,16,563,1.002,0,85.1,ممتازة,14.9
1lDpKxh0,تذكرة تقديم طلب التماس إعادة نظر في القض,17,418,1.007,0,85.4,ممتازة,14.6
1lDpKxh0,تذكرة تقديم طلب التماس إعادة نظر في القض,18,89,1.22,0,92.4,ممتازة,7.6
1lDpKxh0,تذكرة تقديم طلب التماس إعادة نظر في القض,19,272,1.004,0,85.2,ممتازة,14.8
1lDpKxh0,تذكرة تقديم طلب التماس إعادة نظر في القض,20,256,1.007,0,85.4,ممتازة,14.6
1lDpKxh0,تذكرة تقديم طلب التماس إعادة نظر في القض,21,431,1.015,0,85.8,ممتازة,14.2
1z9GZ0JC,خطاب وزارة التجارة بتوثيق تخارج المدعين ,1,153,1.017,0,83.8,ممتازة,16.2
1iouPL40,محضر رفع التصرف على صك أرض التنس بموجب ط,1,167,1.035,0,81.7,ممتازة,18.3
1iouPL40,محضر رفع التصرف على صك أرض التنس بموجب ط,2,298,1.003,0,85.2,ممتازة,14.8
1xwmpdlY,لائحة المدعي بتفصيل مبلغ الحكم الابتدائي,1,374,1.021,0,84.5,ممتازة,15.5
1xwmpdlY,لائحة المدعي بتفصيل مبلغ الحكم الابتدائي,2,183,1.023,0,86.2,ممتازة,13.8
1xwmpdlY,لائحة المدعي بتفصيل مبلغ الحكم الابتدائي,3,609,1.026,0,84.3,ممتازة,15.7
1xwmpdlY,لائحة المدعي بتفصيل مبلغ الحكم الابتدائي,4,622,1.032,0,85.9,ممتازة,14.1
1xwmpdlY,لائحة المدعي بتفصيل مبلغ الحكم الابتدائي,5,626,1.023,0,85.3,ممتازة,14.7
1xwmpdlY,لائحة المدعي بتفصيل مبلغ الحكم الابتدائي,6,646,1.036,0,86.1,ممتازة,13.9
1xwmpdlY,لائحة المدعي بتفصيل مبلغ الحكم الابتدائي,7,289,1.018,0,86.0,ممتازة,14.0
1xwmpdlY,لائحة المدعي بتفصيل مبلغ الحكم الابتدائي,8,346,1.023,0,84.7,ممتازة,15.3
1MEdwKAQ,قرار تطبيق المادة (46) على السيد/ أسامة ,1,139,1.011,0,83.7,ممتازة,16.3
1MEdwKAQ,قرار تطبيق المادة (46) على السيد/ أسامة ,2,192,1.013,0,85.7,ممتازة,14.3
1MEdwKAQ,قرار تطبيق المادة (46) على السيد/ أسامة ,3,204,1.016,0,85.9,ممتازة,14.1
1R63mMu_,صورة تقديم الشكوى,1,45,1.0,0,85.0,ممتازة,15.0
1V6hiunw,صورة تقديم 21-05-2024 (3),1,86,1.007,0,75.0,جيدة,25.0
1_edl-6w,صفحة 1 من تقديم الشكوى,1,83,1.0,0,85.0,ممتازة,15.0
1_edl-6w,صفحة 1 من تقديم الشكوى,2,18,1.0,0,85.0,ممتازة,15.0
16jMMKVV,أمر تنفيذ عدنان ـ نسخة,1,202,1.005,0,82.2,ممتازة,17.8
16jMMKVV,أمر تنفيذ عدنان ـ نسخة,2,204,1.001,0,85.1,ممتازة,14.9
16jMMKVV,أمر تنفيذ عدنان ـ نسخة,3,94,1.003,0,80.9,ممتازة,19.1
16jMMKVV,أمر تنفيذ عدنان ـ نسخة,4,172,1.003,0,85.2,ممتازة,14.8
1aOyOSA5,أمر تنفيذ عدنان زيني ضد الشيخ أسامة ـ 40,1,198,1.008,0,82.3,ممتازة,17.7
1aOyOSA5,أمر تنفيذ عدنان زيني ضد الشيخ أسامة ـ 40,2,204,1.001,0,85.1,ممتازة,14.9
1aOyOSA5,أمر تنفيذ عدنان زيني ضد الشيخ أسامة ـ 40,3,92,1.003,0,80.9,ممتازة,19.1
1aOyOSA5,أمر تنفيذ عدنان زيني ضد الشيخ أسامة ـ 40,4,172,1.003,0,85.2,ممتازة,14.8
1rGeaMtr,طلب تنفيذ مقدم من السيدة/ عاتقة ضد السيد,1,146,1.011,0,83.9,ممتازة,16.1
1rGeaMtr,طلب تنفيذ مقدم من السيدة/ عاتقة ضد السيد,2,191,1.004,0,85.2,ممتازة,14.8
1rGeaMtr,طلب تنفيذ مقدم من السيدة/ عاتقة ضد السيد,3,103,1.022,0,86.2,ممتازة,13.8
1wr920yM,أمر تنفيذ عاتقة ـ نسخة,1,145,1.011,0,83.9,ممتازة,16.1
1wr920yM,أمر تنفيذ عاتقة ـ نسخة,2,191,1.004,0,85.2,ممتازة,14.8
1wr920yM,أمر تنفيذ عاتقة ـ نسخة,3,102,1.019,0,86.0,ممتازة,14.0
1tpRurzz,صفحة 3 من تقديم الشكوى,1,89,1.006,0,85.3,ممتازة,14.7
1tpRurzz,صفحة 3 من تقديم الشكوى,2,30,1.009,0,85.5,ممتازة,14.5
1heBEyB6,صفحة 2 من تقديم الشكوى,1,84,1.006,0,85.3,ممتازة,14.7
1NXAf28o,مذكرة من المحامي السديري 20-02-1445 ـ ال,1,396,1.01,0,84.0,ممتازة,16.0
1NXAf28o,مذكرة من المحامي السديري 20-02-1445 ـ ال,2,423,1.006,0,85.3,ممتازة,14.7
1NXAf28o,مذكرة من المحامي السديري 20-02-1445 ـ ال,3,500,1.014,0,85.8,ممتازة,14.2
1NXAf28o,مذكرة من المحامي السديري 20-02-1445 ـ ال,4,431,1.007,0,85.4,ممتازة,14.6
1NXAf28o,مذكرة من المحامي السديري 20-02-1445 ـ ال,5,456,1.006,0,83.9,ممتازة,16.1
1NXAf28o,مذكرة من المحامي السديري 20-02-1445 ـ ال,6,446,1.007,0,83.9,ممتازة,16.1
1NXAf28o,مذكرة من المحامي السديري 20-02-1445 ـ ال,7,536,1.005,0,84.0,ممتازة,16.0
1NXAf28o,مذكرة من المحامي السديري 20-02-1445 ـ ال,8,162,1.032,0,80.5,ممتازة,19.5
1GZX5Ags,صورة تقديم الشكوى ـ 243138211,1,104,1.0,0,85.0,ممتازة,15.0
1GZX5Ags,صورة تقديم الشكوى ـ 243138211,2,52,1.0,0,85.0,ممتازة,15.0
1GZX5Ags,صورة تقديم الشكوى ـ 243138211,3,55,1.005,0,85.3,ممتازة,14.7
1aeDkzqQ,موجز إعادة فتح الشكوى,1,85,1.003,0,85.2,ممتازة,14.8
1aeDkzqQ,موجز إعادة فتح الشكوى,2,109,1.012,0,85.6,ممتازة,14.4
1aeDkzqQ,موجز إعادة فتح الشكوى,3,22,1.0,0,85.0,ممتازة,15.0
