مذكور في الدراسة,المطابق في Drive,وسم آلي,وسم مراجعة
مذكرة توضيحية من المدعي ـ 06-03-1445,مذكرة توضيحية من المدعي ـ 06-03-1445,[مخرج آلي / Script Output - سماوي],[مخرج آلي يحتاج مراجعة بشرية - وردي]
"إخطار بمطالبة مالية مقدم بتاريخ 14/7/2024م والخاص بالمبلغ المحكوم به للسيد/ عدنان زيني، في صك الحكم رقم (4530241622) وتاريخ 13/03/1445هـ، وقدره (96,779,270) ريال ـ 13/03/1445هـ","إخطار بمطالبة مالية مقدم بتاريخ 14/7/2024م والخاص بالمبلغ المحكوم به للسيد/ عدنان زيني، في صك الحكم رقم (4530241622) وتاريخ 13/03/1445هـ، وقدره (96,779,270) ريال ـ 13/03/1445هـ",[مخرج آلي / Script Output - سماوي],[مخرج آلي يحتاج مراجعة بشرية - وردي]
ملف دراسة دفع بعدم صفة المدعي/ عدنان في الدعوى لكون المورث قد امتدت حياته عقب العقد بسبع سنوات دون أن يطعن في العقد. ـ —,ملف دراسة دفع بعدم صفة المدعي/ عدنان في الدعوى لكون المورث قد امتدت حياته عقب العقد بسبع سنوات دون أن يطعن في العقد. ـ —,[مخرج آلي / Script Output - سماوي],[مخرج آلي يحتاج مراجعة بشرية - وردي]
ملحق تنازل الشيخ احمد زيني عن كامل حصصه الى الشيخ اسامة في شركة احمد زيني التجارية ـ 16-10-1431.pdf,ملحق تنازل الشيخ احمد زيني عن كامل حصصه الى الشيخ اسامة في شركة احمد زيني التجارية ـ 16-10-1431.pdf,[مخرج آلي / Script Output - سماوي],[مخرج آلي يحتاج مراجعة بشرية - وردي]
التماس الشيخ أسامة ـ 20-10-2025 ـ أبو راشد,التماس الشيخ أسامة ـ 20-10-2025 ـ أبو راشد,[مخرج آلي / Script Output - سماوي],[مخرج آلي يحتاج مراجعة بشرية - وردي]
صك حكم نهائي ـ الاستئناف الثانية ـ نسخة,صك حكم نهائي ـ الاستئناف الثانية ـ نسخة,[مخرج آلي / Script Output - سماوي],[مخرج آلي يحتاج مراجعة بشرية - وردي]
تفاصيل دعوى عدنان ضد أسامة ـ موعدها 03-01-1443,تفاصيل دعوى عدنان ضد أسامة ـ موعدها 03-01-1443,[مخرج آلي / Script Output - سماوي],[مخرج آلي يحتاج مراجعة بشرية - وردي]
سداد عقد المحاصة (Excel),سداد عقد المحاصة (Excel),[مخرج آلي / Script Output - سماوي],[مخرج آلي يحتاج مراجعة بشرية - وردي]
تفاصيل شكوى المجلس الأعلى,تفاصيل شكوى المجلس الأعلى,[مخرج آلي / Script Output - سماوي],[مخرج آلي يحتاج مراجعة بشرية - وردي]
اتفاقية الصلح والتخارج في شركات أحمد زيني وأولاده ـ مصدقة من المحكمة,اتفاقية الصلح والتخارج في شركات أحمد زيني وأولاده ـ مصدقة من المحكمة,[مخرج آلي / Script Output - سماوي],[مخرج آلي يحتاج مراجعة بشرية - وردي]
صك حكم ابتدائي ضد الشيخ اسامة زيني في القضية رقم 42824717 في 01-01-1445 هـ.pdf,صك حكم ابتدائي ضد الشيخ اسامة زيني في القضية رقم 42824717 في 01-01-1445 هـ.pdf,[مخرج آلي / Script Output - سماوي],[مخرج آلي يحتاج مراجعة بشرية - وردي]
عقد بيع حصص الشيخ احمد زيني في شركة احمد زيني التجارية الى اسامة ـ 20-09-1431.pdf,عقد بيع حصص الشيخ احمد زيني في شركة احمد زيني التجارية الى اسامة ـ 20-09-1431.pdf,[مخرج آلي / Script Output - سماوي],[مخرج آلي يحتاج مراجعة بشرية - وردي]
ضبط جلسة رقم 31 يوم 24-11-1444 هـ للدعوى رقم 42824717 طلب المدعى عليه تقديم العقد للادلة الجنائية.pdf,ضبط جلسة رقم 31 يوم 24-11-1444 هـ للدعوى رقم 42824717 طلب المدعى عليه تقديم العقد للادلة الجنائية.pdf,[مخرج آلي / Script Output - سماوي],[مخرج آلي يحتاج مراجعة بشرية - وردي]
شكوى لوزير العدل ـ جديدة 2 ـ 05-11-1445 (وورد),شكوى لوزير العدل ـ جديدة 2 ـ 05-11-1445 (وورد),[مخرج آلي / Script Output - سماوي],[مخرج آلي يحتاج مراجعة بشرية - وردي]
تقييم العيوطي للشركات.pdf,تقييم العيوطي للشركات.pdf,[مخرج آلي / Script Output - سماوي],[مخرج آلي يحتاج مراجعة بشرية - وردي]
حكم الولاية على الشيخ أحمد زيني من القاضي الزايدي مصدق من الاستئناف - 26-07-1434.pdf,حكم الولاية على الشيخ أحمد زيني من القاضي الزايدي مصدق من الاستئناف - 26-07-1434.pdf,[مخرج آلي / Script Output - سماوي],[مخرج آلي يحتاج مراجعة بشرية - وردي]
مذكرة جوابية في 16-8-1445 ـ على الحكم النهائي ـ دائرة الاستئناف الثانية ضد الشيخ اسامة زيني ـ 42824717.pdf,مذكرة جوابية في 16-8-1445 ـ على الحكم النهائي ـ دائرة الاستئناف الثانية ضد الشيخ اسامة زيني ـ 42824717.pdf,[مخرج آلي / Script Output - سماوي],[مخرج آلي يحتاج مراجعة بشرية - وردي]
جزء من مسحوبات مصروفات الشيخ احمد زيني رحمه الله.pdf,جزء من مسحوبات مصروفات الشيخ احمد زيني رحمه الله.pdf,[مخرج آلي / Script Output - سماوي],[مخرج آلي يحتاج مراجعة بشرية - وردي]
تفاصيل موعد دعوى عدنان ضد أسامة,تفاصيل موعد دعوى عدنان ضد أسامة,[مخرج آلي / Script Output - سماوي],[مخرج آلي يحتاج مراجعة بشرية - وردي]
أمر تنفيذ عدنان ـ نسخة,أمر تنفيذ عدنان ـ نسخة,[مخرج آلي / Script Output - سماوي],[مخرج آلي يحتاج مراجعة بشرية - وردي]
الشكوى ومرفقاتها,الشكوى ومرفقاتها,[مخرج آلي / Script Output - سماوي],[مخرج آلي يحتاج مراجعة بشرية - وردي]
مرفق 1 ـ مذكرة عزام خوج ـ 05-07-1434,مرفق 1 ـ مذكرة عزام خوج ـ 05-07-1434,[مخرج آلي / Script Output - سماوي],[مخرج آلي يحتاج مراجعة بشرية - وردي]
مذكرة طلب النقض ـ الحجيلان ـ 13-07-1446 ـ أحيلت,مذكرة طلب النقض ـ الحجيلان ـ 13-07-1446 ـ أحيلت,[مخرج آلي / Script Output - سماوي],[مخرج آلي يحتاج مراجعة بشرية - وردي]
شكوى اسامة زيني الى وزير العدل ـ قضية رقم 42824717.docx,شكوى اسامة زيني الى وزير العدل ـ قضية رقم 42824717.docx,[مخرج آلي / Script Output - سماوي],[مخرج آلي يحتاج مراجعة بشرية - وردي]
مذكرة نقض؟ .docx,مذكرة نقض؟ .docx,[مخرج آلي / Script Output - سماوي],[مخرج آلي يحتاج مراجعة بشرية - وردي]
مذكرة الاستئناف اعتراضاً على الدرجة الأولى ـ 15-07-1447,مذكرة الاستئناف اعتراضاً على الدرجة الأولى ـ 15-07-1447,[مخرج آلي / Script Output - سماوي],[مخرج آلي يحتاج مراجعة بشرية - وردي]
ضبط جلسة رقم 26 يوم 29-08-1444 هـ للقضية رقم 42824717.pdf,ضبط جلسة رقم 26 يوم 29-08-1444 هـ للقضية رقم 42824717.pdf,[مخرج آلي / Script Output - سماوي],[مخرج آلي يحتاج مراجعة بشرية - وردي]
ضبط جلسة رقم 27 يوم 20-09-1444 هـ للقضية رقم 42824717.pdf,ضبط جلسة رقم 27 يوم 20-09-1444 هـ للقضية رقم 42824717.pdf,[مخرج آلي / Script Output - سماوي],[مخرج آلي يحتاج مراجعة بشرية - وردي]
صك حكم التخارج في شركات احمد زيني و اولاده ـ 02-12-1432 هـ.pdf,صك حكم التخارج في شركات احمد زيني و اولاده ـ 02-12-1432 هـ.pdf,[مخرج آلي / Script Output - سماوي],[مخرج آلي يحتاج مراجعة بشرية - وردي]
صورة التقديم (jpg),صورة التقديم (jpg),[مخرج آلي / Script Output - سماوي],[مخرج آلي يحتاج مراجعة بشرية - وردي]
سند براءة الذمة من عاتقة ـ نسخة ثانية,سند براءة الذمة من عاتقة ـ نسخة ثانية,[مخرج آلي / Script Output - سماوي],[مخرج آلي يحتاج مراجعة بشرية - وردي]
حكم الدعيلج بإرجاع القضية 3218883 ـ نسخة,حكم الدعيلج بإرجاع القضية 3218883 ـ نسخة,[مخرج آلي / Script Output - سماوي],[مخرج آلي يحتاج مراجعة بشرية - وردي]
تقرير جلسة القضية ـ 17-12-2024,تقرير جلسة القضية ـ 17-12-2024,[مخرج آلي / Script Output - سماوي],[مخرج آلي يحتاج مراجعة بشرية - وردي]
صورة التقديم (pdf),صورة التقديم (pdf),[مخرج آلي / Script Output - سماوي],[مخرج آلي يحتاج مراجعة بشرية - وردي]
ضبط جلسة رقم 30 يوم 10-11-1444 هـ للقضية رقم 42824717.pdf,ضبط جلسة رقم 30 يوم 10-11-1444 هـ للقضية رقم 42824717.pdf,[مخرج آلي / Script Output - سماوي],[مخرج آلي يحتاج مراجعة بشرية - وردي]
المسحوبات 1435 (zip),المسحوبات 1435 (zip),[مخرج آلي / Script Output - سماوي],[مخرج آلي يحتاج مراجعة بشرية - وردي]
عقد البيع 1431-9-20 حصص الشيخ احمد زيني رحمه الله في شركة احمد زيني التجارية الى الشيخ اسامة ـ القرعاوي 120 مليون.pdf,عقد البيع 1431-9-20 حصص الشيخ احمد زيني رحمه الله في شركة احمد زيني التجارية الى الشيخ اسامة ـ القرعاوي 120 مليون.pdf,[مخرج آلي / Script Output - سماوي],[مخرج آلي يحتاج مراجعة بشرية - وردي]
"تقرير من شركة ""صلاح الحجيلان للمحاماة والاستشارات القانونية مؤرخ في 10/02/1447هـ الموافق 04/08/2025م بشأن تقديم شكوى للديوان الملكي بمحافظة جدة للمخالفات التي وقعت عند نظر الدعوى المقيدة برقم (42824717) وقضية أرض التنس.","تقرير من شركة ""صلاح الحجيلان للمحاماة والاستشارات القانونية مؤرخ في 10/02/1447هـ الموافق 04/08/2025م بشأن تقديم شكوى للديوان الملكي بمحافظة جدة للمخالفات التي وقعت عند نظر الدعوى المقيدة برقم (42824717) وقضية أرض التنس.",[مخرج آلي / Script Output - سماوي],[مخرج آلي يحتاج مراجعة بشرية - وردي]
محضر جلسة دعوى عدنان ضد أسامة,محضر جلسة دعوى عدنان ضد أسامة,[مخرج آلي / Script Output - سماوي],[مخرج آلي يحتاج مراجعة بشرية - وردي]
تفاصيل التقديم ـ موقع توارد,تفاصيل التقديم ـ موقع توارد,[مخرج آلي / Script Output - سماوي],[مخرج آلي يحتاج مراجعة بشرية - وردي]
رد مجلس القضاء الأعلى على الشكوى ـ 199058,رد مجلس القضاء الأعلى على الشكوى ـ 199058,[مخرج آلي / Script Output - سماوي],[مخرج آلي يحتاج مراجعة بشرية - وردي]
شكوى لدى المجلس الأعلى للقضاء ضد الدائرة. ـ —,شكوى لدى المجلس الأعلى للقضاء ضد الدائرة. ـ —,[مخرج آلي / Script Output - سماوي],[مخرج آلي يحتاج مراجعة بشرية - وردي]
الإيميل الوارد من الدكتور محمد البنا بشأن دراسة الحكمين في قضية 42824717.pdf,الإيميل الوارد من الدكتور محمد البنا بشأن دراسة الحكمين في قضية 42824717.pdf,[مخرج آلي / Script Output - سماوي],[مخرج آلي يحتاج مراجعة بشرية - وردي]
التماس ضد الحكم ـ نسخة أولى,التماس ضد الحكم ـ نسخة أولى,[مخرج آلي / Script Output - سماوي],[مخرج آلي يحتاج مراجعة بشرية - وردي]
تفاصيل الشكوى,تفاصيل الشكوى,[مخرج آلي / Script Output - سماوي],[مخرج آلي يحتاج مراجعة بشرية - وردي]
المسحوبات 1434 (zip),المسحوبات 1434 (zip),[مخرج آلي / Script Output - سماوي],[مخرج آلي يحتاج مراجعة بشرية - وردي]
التماس على الحكم النهائي ـ نسخة,التماس على الحكم النهائي ـ نسخة,[مخرج آلي / Script Output - سماوي],[مخرج آلي يحتاج مراجعة بشرية - وردي]
تقرير عن اسباب رفض النقض قضية 42824717 عدنان زيني ضد الشيخ أسامة زيني 17-04-2025.pdf,تقرير عن اسباب رفض النقض قضية 42824717 عدنان زيني ضد الشيخ أسامة زيني 17-04-2025.pdf,[مخرج آلي / Script Output - سماوي],[مخرج آلي يحتاج مراجعة بشرية - وردي]
صورة تقديم الشكوى ـ 243138211,صورة تقديم الشكوى ـ 243138211,[مخرج آلي / Script Output - سماوي],[مخرج آلي يحتاج مراجعة بشرية - وردي]
وكالة الجدة عاتقة الى محمد الثعلي ـ في 19-03-1445 ـ تنتهي 19-03-1446.pdf,وكالة الجدة عاتقة الى محمد الثعلي ـ في 19-03-1445 ـ تنتهي 19-03-1446.pdf,[مخرج آلي / Script Output - سماوي],[مخرج آلي يحتاج مراجعة بشرية - وردي]
طلب النقض 23-09-1445 ـ رقم 45117602 ـ محال للعليا,طلب النقض 23-09-1445 ـ رقم 45117602 ـ محال للعليا,[مخرج آلي / Script Output - سماوي],[مخرج آلي يحتاج مراجعة بشرية - وردي]
مذكرة التماس من المحامي الشهري بتاريخ 13-07-1445 ـ ومرفقاتها ـ 42824717.pdf,مذكرة التماس من المحامي الشهري بتاريخ 13-07-1445 ـ ومرفقاتها ـ 42824717.pdf,[مخرج آلي / Script Output - سماوي],[مخرج آلي يحتاج مراجعة بشرية - وردي]
ضبط جلسة رقم 25 يوم 15-08-1444 هـ للقضية رقم 42824717.pdf,ضبط جلسة رقم 25 يوم 15-08-1444 هـ للقضية رقم 42824717.pdf,[مخرج آلي / Script Output - سماوي],[مخرج آلي يحتاج مراجعة بشرية - وردي]
شكوى التفتيش القضائي قضية 42824717 ـ 16-07-2025 ـ موقع.PDF,شكوى التفتيش القضائي قضية 42824717 ـ 16-07-2025 ـ موقع.PDF,[مخرج آلي / Script Output - سماوي],[مخرج آلي يحتاج مراجعة بشرية - وردي]
مزرعة الوادي 1435 (zip),مزرعة الوادي 1435 (zip),[مخرج آلي / Script Output - سماوي],[مخرج آلي يحتاج مراجعة بشرية - وردي]
ضبط جلسة رقم 32 يوم 24-11-1444 هـ للقضية رقم 42824717.pdf,ضبط جلسة رقم 32 يوم 24-11-1444 هـ للقضية رقم 42824717.pdf,[مخرج آلي / Script Output - سماوي],[مخرج آلي يحتاج مراجعة بشرية - وردي]
ضبط جلسة رقم 34 يوم 12-02-1445 هـ للقضية رقم 42824717 .pdf,ضبط جلسة رقم 34 يوم 12-02-1445 هـ للقضية رقم 42824717 .pdf,[مخرج آلي / Script Output - سماوي],[مخرج آلي يحتاج مراجعة بشرية - وردي]
صك حكم نهائي الشيخ اسامة زيني ـ دعوى 42824717 - 25-08-1445 هـ رفض الالتماس.pdf,صك حكم نهائي الشيخ اسامة زيني ـ دعوى 42824717 - 25-08-1445 هـ رفض الالتماس.pdf,[مخرج آلي / Script Output - سماوي],[مخرج آلي يحتاج مراجعة بشرية - وردي]
تقديم مذكرة جوابية على المدعي عدنان ضد الشيخ اسامة زيني - 02-09-1447 - 42824717.pdf,تقديم مذكرة جوابية على المدعي عدنان ضد الشيخ اسامة زيني - 02-09-1447 - 42824717.pdf,[مخرج آلي / Script Output - سماوي],[مخرج آلي يحتاج مراجعة بشرية - وردي]
طلب النقض الاحير المقدم في 07-10-1447 ـ القضية 42824717.pdf,طلب النقض الاحير المقدم في 07-10-1447 ـ القضية 42824717.pdf,[مخرج آلي / Script Output - سماوي],[مخرج آلي يحتاج مراجعة بشرية - وردي]
المسحوبات 1433 (zip),المسحوبات 1433 (zip),[مخرج آلي / Script Output - سماوي],[مخرج آلي يحتاج مراجعة بشرية - وردي]
تفاصيل طلب موعد مع وزير العدل بتاريخ 19-06-1445.pdf,تفاصيل طلب موعد مع وزير العدل بتاريخ 19-06-1445.pdf,[مخرج آلي / Script Output - سماوي],[مخرج آلي يحتاج مراجعة بشرية - وردي]
موجز عن شكوى الشيخ اسامة زيني رقم 230747621 في 30-04-1445هـ الى المجلس الأعلى للقضاء ـ في القضية 42824717.pdf,موجز عن شكوى الشيخ اسامة زيني رقم 230747621 في 30-04-1445هـ الى المجلس الأعلى للقضاء ـ في القضية 42824717.pdf,[مخرج آلي / Script Output - سماوي],[مخرج آلي يحتاج مراجعة بشرية - وردي]
المسحوبات 1436 (zip),المسحوبات 1436 (zip),[مخرج آلي / Script Output - سماوي],[مخرج آلي يحتاج مراجعة بشرية - وردي]
طلب الشكوى للمجلس الأعلى (صورة),طلب الشكوى للمجلس الأعلى (صورة),[مخرج آلي / Script Output - سماوي],[مخرج آلي يحتاج مراجعة بشرية - وردي]
مرفقات المدعي عدنان زيني في الدعوى رقم 42824717.pdf,مرفقات المدعي عدنان زيني في الدعوى رقم 42824717.pdf,[مخرج آلي / Script Output - سماوي],[مخرج آلي يحتاج مراجعة بشرية - وردي]
قرار تطبيق المادة (46) على السيد/ أسامة الزيني بخصوص طلب التنفيذ المقدم من السيد/ عدنان. ـ —,قرار تطبيق المادة (46) على السيد/ أسامة الزيني بخصوص طلب التنفيذ المقدم من السيد/ عدنان. ـ —,[مخرج آلي / Script Output - سماوي],[مخرج آلي يحتاج مراجعة بشرية - وردي]
فلة الوادي 1431 (rar),فلة الوادي 1431 (rar),[مخرج آلي / Script Output - سماوي],[مخرج آلي يحتاج مراجعة بشرية - وردي]
الشكوى (وورد),الشكوى (وورد),[مخرج آلي / Script Output - سماوي],[مخرج آلي يحتاج مراجعة بشرية - وردي]
صورة رفض مذكرة طلب النقض ـ 10-04-1445,صورة رفض مذكرة طلب النقض ـ 10-04-1445,[مخرج آلي / Script Output - سماوي],[مخرج آلي يحتاج مراجعة بشرية - وردي]
مذكرة من المحامي السديري 20-02-1445 ـ الاعتراض على تقرير ابو غزالة.pdf,مذكرة من المحامي السديري 20-02-1445 ـ الاعتراض على تقرير ابو غزالة.pdf,[مخرج آلي / Script Output - سماوي],[مخرج آلي يحتاج مراجعة بشرية - وردي]
ما يفيد استلام السيد/ سليمان السديري أصل عقد البيع موضوع الدعوى والمبرم بين السيد/ أسامة زيني والمورث. ـ —,ما يفيد استلام السيد/ سليمان السديري أصل عقد البيع موضوع الدعوى والمبرم بين السيد/ أسامة زيني والمورث. ـ —,[مخرج آلي / Script Output - سماوي],[مخرج آلي يحتاج مراجعة بشرية - وردي]
ملف المسحوبات (Excel),ملف المسحوبات (Excel),[مخرج آلي / Script Output - سماوي],[مخرج آلي يحتاج مراجعة بشرية - وردي]
تقرير بشأن استلام أصل عقد بيع حصص شركة أحمد زيني التجارية 16-07-1446.pdf,تقرير بشأن استلام أصل عقد بيع حصص شركة أحمد زيني التجارية 16-07-1446.pdf,[مخرج آلي / Script Output - سماوي],[مخرج آلي يحتاج مراجعة بشرية - وردي]
شكوى أسامة أحمد زيني ـ دعوى رقم 42824717 ـ 30-04-1445 ـ حجم اقل.pdf,شكوى أسامة أحمد زيني ـ دعوى رقم 42824717 ـ 30-04-1445 ـ حجم اقل.pdf,[مخرج آلي / Script Output - سماوي],[مخرج آلي يحتاج مراجعة بشرية - وردي]
شكوى أسامة أحمد زيني ـ دعوى رقم 42824717.pdf,شكوى أسامة أحمد زيني ـ دعوى رقم 42824717.pdf,[مخرج آلي / Script Output - سماوي],[مخرج آلي يحتاج مراجعة بشرية - وردي]
-05-11~1.DOC.docx,-05-11~1.DOC.docx,[مخرج آلي / Script Output - سماوي],[مخرج آلي يحتاج مراجعة بشرية - وردي]
مذكرة إلحاقية على قضية 42824717 ـ التماس ـ تناقض الحكم - 28-01-2026.pdf,مذكرة إلحاقية على قضية 42824717 ـ التماس ـ تناقض الحكم - 28-01-2026.pdf,[مخرج آلي / Script Output - سماوي],[مخرج آلي يحتاج مراجعة بشرية - وردي]
محضر اجتماع تقسيم شركات ابار وزيني و شيكات الامير احمد و بيان شيكات القروض البنكية.pdf,محضر اجتماع تقسيم شركات ابار وزيني و شيكات الامير احمد و بيان شيكات القروض البنكية.pdf,[مخرج آلي / Script Output - سماوي],[مخرج آلي يحتاج مراجعة بشرية - وردي]
مرفق رقم 5 ـ مذكرة جوابية من مكتب المحامي ابو راشد في الدعوى رقم 4717  بتاريخ 06-03-1443هـ.pdf,مرفق رقم 5 ـ مذكرة جوابية من مكتب المحامي ابو راشد في الدعوى رقم 4717  بتاريخ 06-03-1443هـ.pdf,[مخرج آلي / Script Output - سماوي],[مخرج آلي يحتاج مراجعة بشرية - وردي]
صورة تقديم الشكوى,صورة تقديم الشكوى,[مخرج آلي / Script Output - سماوي],[مخرج آلي يحتاج مراجعة بشرية - وردي]
شكوى اسامة زيني لوزير العدل 13-11-1445 ـ 21-05-2024.pdf,شكوى اسامة زيني لوزير العدل 13-11-1445 ـ 21-05-2024.pdf,[مخرج آلي / Script Output - سماوي],[مخرج آلي يحتاج مراجعة بشرية - وردي]
مزرعة الوادي 1436 (zip),مزرعة الوادي 1436 (zip),[مخرج آلي / Script Output - سماوي],[مخرج آلي يحتاج مراجعة بشرية - وردي]
التماس على الحكم النهائي ـ نسخة ثانية,التماس على الحكم النهائي ـ نسخة ثانية,[مخرج آلي / Script Output - سماوي],[مخرج آلي يحتاج مراجعة بشرية - وردي]
صك حكم نهائي ضد الشيخ اسامة زيني ـ دعوى 42824717 - 13-03-1445 هـ.pdf,صك حكم نهائي ضد الشيخ اسامة زيني ـ دعوى 42824717 - 13-03-1445 هـ.pdf,[مخرج آلي / Script Output - سماوي],[مخرج آلي يحتاج مراجعة بشرية - وردي]
4257FF~1.DOC (مذكرة قديمة بترميز تالف),4257FF~1.DOC (مذكرة قديمة بترميز تالف),[مخرج آلي / Script Output - سماوي],[مخرج آلي يحتاج مراجعة بشرية - وردي]
آلية تنفيذ لدى القاضي علي القريقري ـ موقعه من جميع الاطراف.pdf,آلية تنفيذ لدى القاضي علي القريقري ـ موقعه من جميع الاطراف.pdf,[مخرج آلي / Script Output - سماوي],[مخرج آلي يحتاج مراجعة بشرية - وردي]
اقرار من الوالدة عاتقة توكيل الثعلي في الدعوى 42824717 ضد اسامة زيني ـ 04-03-1445.pdf,اقرار من الوالدة عاتقة توكيل الثعلي في الدعوى 42824717 ضد اسامة زيني ـ 04-03-1445.pdf,[مخرج آلي / Script Output - سماوي],[مخرج آلي يحتاج مراجعة بشرية - وردي]
مصاريف مزرعة الشيخ أحمد زيني بالوادي (1).xlsx,مصاريف مزرعة الشيخ أحمد زيني بالوادي (1).xlsx,[مخرج آلي / Script Output - سماوي],[مخرج آلي يحتاج مراجعة بشرية - وردي]
جلسة يوم 01-08-1444 ـ قضية 42824717 ـ ارسال القاضي مستندات موقع من الشيخ احمد الى الادلة الجنائية.pdf,جلسة يوم 01-08-1444 ـ قضية 42824717 ـ ارسال القاضي مستندات موقع من الشيخ احمد الى الادلة الجنائية.pdf,[مخرج آلي / Script Output - سماوي],[مخرج آلي يحتاج مراجعة بشرية - وردي]
حكم نهائي بنقض حكم ابراء ذمة الشيخ أسامة من طلب تنفيذ الوالدة عاتقة الحرازي - 22-07-1447 ـ 4771864931.pdf,حكم نهائي بنقض حكم ابراء ذمة الشيخ أسامة من طلب تنفيذ الوالدة عاتقة الحرازي - 22-07-1447 ـ 4771864931.pdf,[مخرج آلي / Script Output - سماوي],[مخرج آلي يحتاج مراجعة بشرية - وردي]
ملخص الشكوى لولي العهد.docx,ملخص الشكوى لولي العهد.docx,[مخرج آلي / Script Output - سماوي],[مخرج آلي يحتاج مراجعة بشرية - وردي]
المسحوبات 1431 (zip),المسحوبات 1431 (zip),[مخرج آلي / Script Output - سماوي],[مخرج آلي يحتاج مراجعة بشرية - وردي]
طلب اعادة فتح شكوى رقم 199058 المجلس الأعلى للقضاء ـ في 13-11-1445 ـ 21-05-2024.pdf,طلب اعادة فتح شكوى رقم 199058 المجلس الأعلى للقضاء ـ في 13-11-1445 ـ 21-05-2024.pdf,[مخرج آلي / Script Output - سماوي],[مخرج آلي يحتاج مراجعة بشرية - وردي]
تفاصيل إخطار مطالبة مالية من عدنان زيني ضد الشيخ أسامة زيني بمبلغ 96779270 ـ في القضية رقم 42824717.pdf,تفاصيل إخطار مطالبة مالية من عدنان زيني ضد الشيخ أسامة زيني بمبلغ 96779270 ـ في القضية رقم 42824717.pdf,[مخرج آلي / Script Output - سماوي],[مخرج آلي يحتاج مراجعة بشرية - وردي]
التماس في في دعوى عدنان ضد الشيخ اسامة ـ بطلان حصة شركة احمد زيني التجارية ـ 42824717.docx,التماس في في دعوى عدنان ضد الشيخ اسامة ـ بطلان حصة شركة احمد زيني التجارية ـ 42824717.docx,[مخرج آلي / Script Output - سماوي],[مخرج آلي يحتاج مراجعة بشرية - وردي]
شكوى اسامة زيني الى وزير العدل ـ 13-011-1445 ـ 21-05-2024 ـ ومرفقاتها.pdf,شكوى اسامة زيني الى وزير العدل ـ 13-011-1445 ـ 21-05-2024 ـ ومرفقاتها.pdf,[مخرج آلي / Script Output - سماوي],[مخرج آلي يحتاج مراجعة بشرية - وردي]
مرفق (1) القروض (zip),مرفق (1) القروض (zip),[مخرج آلي / Script Output - سماوي],[مخرج آلي يحتاج مراجعة بشرية - وردي]
مرفق رقم 8 ـ مذكرة من المحامي ابو راشد في الدعوى 42824717 ـ 25-04-1443 هـ.pdf,مرفق رقم 8 ـ مذكرة من المحامي ابو راشد في الدعوى 42824717 ـ 25-04-1443 هـ.pdf,[مخرج آلي / Script Output - سماوي],[مخرج آلي يحتاج مراجعة بشرية - وردي]
صك حكم نهائي الاستئناف الثانية رفض الالتماس ـ 42824717 - 18-06-1446 هـ.pdf,صك حكم نهائي الاستئناف الثانية رفض الالتماس ـ 42824717 - 18-06-1446 هـ.pdf,[مخرج آلي / Script Output - سماوي],[مخرج آلي يحتاج مراجعة بشرية - وردي]
صورة تقديم 21-05-2024 (3),صورة تقديم 21-05-2024 (3),[مخرج آلي / Script Output - سماوي],[مخرج آلي يحتاج مراجعة بشرية - وردي]
جزء من مصروفات فيلا الوادي.pdf,جزء من مصروفات فيلا الوادي.pdf,[مخرج آلي / Script Output - سماوي],[مخرج آلي يحتاج مراجعة بشرية - وردي]
مزرعة الوادي 1434 (zip),مزرعة الوادي 1434 (zip),[مخرج آلي / Script Output - سماوي],[مخرج آلي يحتاج مراجعة بشرية - وردي]
مرفقات تقييم شركة احمد زيني التجارية مرة بمبلغ 68 مليون ومرة بمبلغ 79 مليون.pdf,مرفقات تقييم شركة احمد زيني التجارية مرة بمبلغ 68 مليون ومرة بمبلغ 79 مليون.pdf,[مخرج آلي / Script Output - سماوي],[مخرج آلي يحتاج مراجعة بشرية - وردي]
فلة الوادي 2015 (rar),فلة الوادي 2015 (rar),[مخرج آلي / Script Output - سماوي],[مخرج آلي يحتاج مراجعة بشرية - وردي]
طلب التماس 20-10-2025 ـ ناجز (صورة),طلب التماس 20-10-2025 ـ ناجز (صورة),[مخرج آلي / Script Output - سماوي],[مخرج آلي يحتاج مراجعة بشرية - وردي]
مذكرة جوابية من المدعي ـ 28-08-1447,مذكرة جوابية من المدعي ـ 28-08-1447,[مخرج آلي / Script Output - سماوي],[مخرج آلي يحتاج مراجعة بشرية - وردي]
ضبط جلسة رقم 28 يوم 19-10-1444 هـ للقضية رقم 42824717.pdf,ضبط جلسة رقم 28 يوم 19-10-1444 هـ للقضية رقم 42824717.pdf,[مخرج آلي / Script Output - سماوي],[مخرج آلي يحتاج مراجعة بشرية - وردي]
طلب النقض من المحكمة العليا على صك حكم نهائي ضد الشيخ اسامة زيني ـ 42824717 - 25-02-1446هـ تم الرفض.pdf,طلب النقض من المحكمة العليا على صك حكم نهائي ضد الشيخ اسامة زيني ـ 42824717 - 25-02-1446هـ تم الرفض.pdf,[مخرج آلي / Script Output - سماوي],[مخرج آلي يحتاج مراجعة بشرية - وردي]
مزرعة الوادي 1432 (zip),مزرعة الوادي 1432 (zip),[مخرج آلي / Script Output - سماوي],[مخرج آلي يحتاج مراجعة بشرية - وردي]
تفاصيل التقديم ـ صدرت للمجلس الأعلى,تفاصيل التقديم ـ صدرت للمجلس الأعلى,[مخرج آلي / Script Output - سماوي],[مخرج آلي يحتاج مراجعة بشرية - وردي]
المسحوبات 2015 (zip),المسحوبات 2015 (zip),[مخرج آلي / Script Output - سماوي],[مخرج آلي يحتاج مراجعة بشرية - وردي]
مرفق 6 ـ مذكرة أبو راشد ـ 15-03-1443,مرفق 6 ـ مذكرة أبو راشد ـ 15-03-1443,[مخرج آلي / Script Output - سماوي],[مخرج آلي يحتاج مراجعة بشرية - وردي]
مرفقات الشكوى,مرفقات الشكوى,[مخرج آلي / Script Output - سماوي],[مخرج آلي يحتاج مراجعة بشرية - وردي]
تعذر التقديم الإلكتروني بمجلس القضاء ـ 29-10-2024,تعذر التقديم الإلكتروني بمجلس القضاء ـ 29-10-2024,[مخرج آلي / Script Output - سماوي],[مخرج آلي يحتاج مراجعة بشرية - وردي]
صفحة 1 من تقديم الشكوى,صفحة 1 من تقديم الشكوى,[مخرج آلي / Script Output - سماوي],[مخرج آلي يحتاج مراجعة بشرية - وردي]
ضبط جلسة رقم 31 يوم 17-11-1444 هـ للقضية رقم 42824717.pdf,ضبط جلسة رقم 31 يوم 17-11-1444 هـ للقضية رقم 42824717.pdf,[مخرج آلي / Script Output - سماوي],[مخرج آلي يحتاج مراجعة بشرية - وردي]
أمر تنفيذ عدنان زيني ضد الشيخ أسامة ـ 401024501215577 ـ 16-03-1445,أمر تنفيذ عدنان زيني ضد الشيخ أسامة ـ 401024501215577 ـ 16-03-1445,[مخرج آلي / Script Output - سماوي],[مخرج آلي يحتاج مراجعة بشرية - وردي]
موجز إعادة فتح الشكوى,موجز إعادة فتح الشكوى,[مخرج آلي / Script Output - سماوي],[مخرج آلي يحتاج مراجعة بشرية - وردي]
طلب الاعتراض بالنقض ـ 2,طلب الاعتراض بالنقض ـ 2,[مخرج آلي / Script Output - سماوي],[مخرج آلي يحتاج مراجعة بشرية - وردي]
ضبط جلسة رقم 30 يوم 17-11-1444 هـ للدعوى رقم 42824717 تمسك المدعي بالتقييم وليس تزوير العقد.pdf,ضبط جلسة رقم 30 يوم 17-11-1444 هـ للدعوى رقم 42824717 تمسك المدعي بالتقييم وليس تزوير العقد.pdf,[مخرج آلي / Script Output - سماوي],[مخرج آلي يحتاج مراجعة بشرية - وردي]
"تقرير خبرة (المرحلة الأولى) صادر عن مكتب ""طلال أبو غزالة وشركاه"" مؤرخ 27/6/2011م ـ 27/6/2011م","تقرير خبرة (المرحلة الأولى) صادر عن مكتب ""طلال أبو غزالة وشركاه"" مؤرخ 27/6/2011م ـ 27/6/2011م",[مخرج آلي / Script Output - سماوي],[مخرج آلي يحتاج مراجعة بشرية - وردي]
طلب التماس 20-10-2025 ـ ناجز,طلب التماس 20-10-2025 ـ ناجز,[مخرج آلي / Script Output - سماوي],[مخرج آلي يحتاج مراجعة بشرية - وردي]
تقديم التماس إعادة نظر في القضية من عدنان وعاتقة ـ 03-12-2024,تقديم التماس إعادة نظر في القضية من عدنان وعاتقة ـ 03-12-2024,[مخرج آلي / Script Output - سماوي],[مخرج آلي يحتاج مراجعة بشرية - وردي]
مذكرة التماس من المحامي الشهري بتاريخ 13-07-1445 ـ ومرفقاتها ـ 42824717.pdf,مذكرة التماس من المحامي الشهري بتاريخ 13-07-1445 ـ ومرفقاتها ـ 42824717.pdf,[مخرج آلي / Script Output - سماوي],[مخرج آلي يحتاج مراجعة بشرية - وردي]
ردود على حكم الالتماس 717,ردود على حكم الالتماس 717,[مخرج آلي / Script Output - سماوي],[مخرج آلي يحتاج مراجعة بشرية - وردي]
حكم نهائي بإبراء ذمة الشيخ من تنفيذ عاتقة ـ 13-04-1447,حكم نهائي بإبراء ذمة الشيخ من تنفيذ عاتقة ـ 13-04-1447,[مخرج آلي / Script Output - سماوي],[مخرج آلي يحتاج مراجعة بشرية - وردي]
"ملخص تقرير خبرة مقدم إلى المحكمة الإدارية العامة بجدة الدائرة السابعة عشر صادر عن مكتب ""طلال أبو غزالة وشركاه"" مؤرخ 5/10/2011م ـ 5/10/2011م","ملخص تقرير خبرة مقدم إلى المحكمة الإدارية العامة بجدة الدائرة السابعة عشر صادر عن مكتب ""طلال أبو غزالة وشركاه"" مؤرخ 5/10/2011م ـ 5/10/2011م",[مخرج آلي / Script Output - سماوي],[مخرج آلي يحتاج مراجعة بشرية - وردي]
جزء من مصروفات المزرعة,جزء من مصروفات المزرعة,[مخرج آلي / Script Output - سماوي],[مخرج آلي يحتاج مراجعة بشرية - وردي]
الشكوى الرابعة (وورد),الشكوى الرابعة (وورد),[مخرج آلي / Script Output - سماوي],[مخرج آلي يحتاج مراجعة بشرية - وردي]
حكما إثبات التنازل والتخارج وإبراء الذمة ومستندات التنازل,حكما إثبات التنازل والتخارج وإبراء الذمة ومستندات التنازل,[مخرج آلي / Script Output - سماوي],[مخرج آلي يحتاج مراجعة بشرية - وردي]
صحيفة دعوى عدنان ضد اسامة زيني ـ بطلان بيع حصة شركة احمد زيني التجارية الى اسامة زيني ـ 42824717 ـ 17-12-1442.pdf,صحيفة دعوى عدنان ضد اسامة زيني ـ بطلان بيع حصة شركة احمد زيني التجارية الى اسامة زيني ـ 42824717 ـ 17-12-1442.pdf,[مخرج آلي / Script Output - سماوي],[مخرج آلي يحتاج مراجعة بشرية - وردي]
صورة تقديم 21-05-2024 (1),صورة تقديم 21-05-2024 (1),[مخرج آلي / Script Output - سماوي],[مخرج آلي يحتاج مراجعة بشرية - وردي]
ملحق تنازل عدنان عن حصته ـ 10-02-1434,ملحق تنازل عدنان عن حصته ـ 10-02-1434,[مخرج آلي / Script Output - سماوي],[مخرج آلي يحتاج مراجعة بشرية - وردي]
ضبط الجلسة رقم 18 بتاريخ 27-01-1444هـ للقضية رقم 42824717.pdf,ضبط الجلسة رقم 18 بتاريخ 27-01-1444هـ للقضية رقم 42824717.pdf,[مخرج آلي / Script Output - سماوي],[مخرج آلي يحتاج مراجعة بشرية - وردي]
صفحة 2 من تقديم الشكوى,صفحة 2 من تقديم الشكوى,[مخرج آلي / Script Output - سماوي],[مخرج آلي يحتاج مراجعة بشرية - وردي]
مرفق 3 ـ مذكرة أبو راشد ـ 23-01-1443,مرفق 3 ـ مذكرة أبو راشد ـ 23-01-1443,[مخرج آلي / Script Output - سماوي],[مخرج آلي يحتاج مراجعة بشرية - وردي]
ضبط جلسة رقم 24 يوم 01-08-1444 هـ للقضية رقم 42824717.pdf,ضبط جلسة رقم 24 يوم 01-08-1444 هـ للقضية رقم 42824717.pdf,[مخرج آلي / Script Output - سماوي],[مخرج آلي يحتاج مراجعة بشرية - وردي]
مرفق 7 ـ مذكرة أبو راشد ـ 27-03-1443,مرفق 7 ـ مذكرة أبو راشد ـ 27-03-1443,[مخرج آلي / Script Output - سماوي],[مخرج آلي يحتاج مراجعة بشرية - وردي]
فلة الوادي 1433 (rar),فلة الوادي 1433 (rar),[مخرج آلي / Script Output - سماوي],[مخرج آلي يحتاج مراجعة بشرية - وردي]
عقود تعيين الشيخ أسامة في إدارة الشركات,عقود تعيين الشيخ أسامة في إدارة الشركات,[مخرج آلي / Script Output - سماوي],[مخرج آلي يحتاج مراجعة بشرية - وردي]
محضر رفع التصرف على صك أرض التنس بموجب طلب الإفلاس من عدنان رقم (405034600788314) وتاريخ 23/03/1446هـ. ـ 23/03/1446هـ,محضر رفع التصرف على صك أرض التنس بموجب طلب الإفلاس من عدنان رقم (405034600788314) وتاريخ 23/03/1446هـ. ـ 23/03/1446هـ,[مخرج آلي / Script Output - سماوي],[مخرج آلي يحتاج مراجعة بشرية - وردي]
ضبط جلسة رقم 29 يوم 10-11-1444 هـ للدعوى رقم 42824717 طلب الادلة الجنائية اصل العقد.pdf,ضبط جلسة رقم 29 يوم 10-11-1444 هـ للدعوى رقم 42824717 طلب الادلة الجنائية اصل العقد.pdf,[مخرج آلي / Script Output - سماوي],[مخرج آلي يحتاج مراجعة بشرية - وردي]
مختصر الشكوى لحجز موعد مع الوزير,مختصر الشكوى لحجز موعد مع الوزير,[مخرج آلي / Script Output - سماوي],[مخرج آلي يحتاج مراجعة بشرية - وردي]
مرفق 4 ـ مذكرة أبو راشد ـ 28-01-1443,مرفق 4 ـ مذكرة أبو راشد ـ 28-01-1443,[مخرج آلي / Script Output - سماوي],[مخرج آلي يحتاج مراجعة بشرية - وردي]
ملحق تنازل عدنان عن حصته ـ 10-02-1434 ـ نسخة,ملحق تنازل عدنان عن حصته ـ 10-02-1434 ـ نسخة,[مخرج آلي / Script Output - سماوي],[مخرج آلي يحتاج مراجعة بشرية - وردي]
شكوى لوزير العدل 13-11-1445,شكوى لوزير العدل 13-11-1445,[مخرج آلي / Script Output - سماوي],[مخرج آلي يحتاج مراجعة بشرية - وردي]
مزرعة الوادي 1433 (zip),مزرعة الوادي 1433 (zip),[مخرج آلي / Script Output - سماوي],[مخرج آلي يحتاج مراجعة بشرية - وردي]
مذكرة النقض للعليا 23-09-1445 ـ مرفق حكم التخارج,مذكرة النقض للعليا 23-09-1445 ـ مرفق حكم التخارج,[مخرج آلي / Script Output - سماوي],[مخرج آلي يحتاج مراجعة بشرية - وردي]
تقرير أبو غزالة ـ المرحلة الأولى (أولاً وثانياً),تقرير أبو غزالة ـ المرحلة الأولى (أولاً وثانياً),[مخرج آلي / Script Output - سماوي],[مخرج آلي يحتاج مراجعة بشرية - وردي]
"سند براءة ذمة من السيدة/ عاتقة مؤرخ في 25/08/1445هـ الموافق 06/03/2024م بخصوص المبلغ المستحق لها بموجب صك الحكم رقم (4530241622) وتاريخ 13/03/1445هـ، وقدره (27,651,219) ريال. ـ 25/","سند براءة ذمة من السيدة/ عاتقة مؤرخ في 25/08/1445هـ الموافق 06/03/2024م بخصوص المبلغ المستحق لها بموجب صك الحكم رقم (4530241622) وتاريخ 13/03/1445هـ، وقدره (27,651,219) ريال. ـ 25/",[مخرج آلي / Script Output - سماوي],[مخرج آلي يحتاج مراجعة بشرية - وردي]
مذكرة جوابية على المدعي ـ 02-09-1447 (نسخة),مذكرة جوابية على المدعي ـ 02-09-1447 (نسخة),[مخرج آلي / Script Output - سماوي],[مخرج آلي يحتاج مراجعة بشرية - وردي]
تذكرة تقديم طلب التماس إعادة نظر في القضية رقم (42824717) مقيد برقم (4611037394) وتاريخ 02/06/1446هـ ـ 02/06/1446هـ,تذكرة تقديم طلب التماس إعادة نظر في القضية رقم (42824717) مقيد برقم (4611037394) وتاريخ 02/06/1446هـ ـ 02/06/1446هـ,[مخرج آلي / Script Output - سماوي],[مخرج آلي يحتاج مراجعة بشرية - وردي]
حكم القاضي الدعيلج بإرجاع القضية رقم 3218883 ـ 25-10-1438,حكم القاضي الدعيلج بإرجاع القضية رقم 3218883 ـ 25-10-1438,[مخرج آلي / Script Output - سماوي],[مخرج آلي يحتاج مراجعة بشرية - وردي]
excelمصاريف فيلا الشيخ أحمد زيني بالوادي.xlsx,excelمصاريف فيلا الشيخ أحمد زيني بالوادي.xlsx,[مخرج آلي / Script Output - سماوي],[مخرج آلي يحتاج مراجعة بشرية - وردي]
ضبط جلسة رقم 29 يوم 03-11-1444 هـ للقضية رقم 42824717.pdf,ضبط جلسة رقم 29 يوم 03-11-1444 هـ للقضية رقم 42824717.pdf,[مخرج آلي / Script Output - سماوي],[مخرج آلي يحتاج مراجعة بشرية - وردي]
التماس الشيخ أسامه زيني ـ القضية 42824717 ـ من المستشار.docx,التماس الشيخ أسامه زيني ـ القضية 42824717 ـ من المستشار.docx,[مخرج آلي / Script Output - سماوي],[مخرج آلي يحتاج مراجعة بشرية - وردي]
مذكرة جوابية من الملتمس ضدهم عدنان احمد زيني وعاتقة الحرازي في الالتماس المقدم برقم 42824717 ـ 15-08-1445.pdf,مذكرة جوابية من الملتمس ضدهم عدنان احمد زيني وعاتقة الحرازي في الالتماس المقدم برقم 42824717 ـ 15-08-1445.pdf,[مخرج آلي / Script Output - سماوي],[مخرج آلي يحتاج مراجعة بشرية - وردي]
الشكوى الرابعة,الشكوى الرابعة,[مخرج آلي / Script Output - سماوي],[مخرج آلي يحتاج مراجعة بشرية - وردي]
مرفق 2 ـ مذكرة أبو راشد ـ 04-01-1443,مرفق 2 ـ مذكرة أبو راشد ـ 04-01-1443,[مخرج آلي / Script Output - سماوي],[مخرج آلي يحتاج مراجعة بشرية - وردي]
صورة تقديم 21-05-2024 (2),صورة تقديم 21-05-2024 (2),[مخرج آلي / Script Output - سماوي],[مخرج آلي يحتاج مراجعة بشرية - وردي]
ملف القروض (Excel),ملف القروض (Excel),[مخرج آلي / Script Output - سماوي],[مخرج آلي يحتاج مراجعة بشرية - وردي]
مزرعة الوادي 1431 (zip),مزرعة الوادي 1431 (zip),[مخرج آلي / Script Output - سماوي],[مخرج آلي يحتاج مراجعة بشرية - وردي]
طلب اعادة فتح شكوى رقم 199058 ـ في 13-11-1445 ـ 21-05-2024.JPG,طلب اعادة فتح شكوى رقم 199058 ـ في 13-11-1445 ـ 21-05-2024.JPG,[مخرج آلي / Script Output - سماوي],[مخرج آلي يحتاج مراجعة بشرية - وردي]
شكوى اسامة زيني الى وزير العدل ـ 26-04-1446 ـ 29-10-2024 ـ ومرفقاتها.pdf,شكوى اسامة زيني الى وزير العدل ـ 26-04-1446 ـ 29-10-2024 ـ ومرفقاتها.pdf,[مخرج آلي / Script Output - سماوي],[مخرج آلي يحتاج مراجعة بشرية - وردي]
مذكرة إلحاقية على التماس الشيخ أسامه زيني ـ القضية 42824717.docx,مذكرة إلحاقية على التماس الشيخ أسامه زيني ـ القضية 42824717.docx,[مخرج آلي / Script Output - سماوي],[مخرج آلي يحتاج مراجعة بشرية - وردي]
"طلب تنفيذ مقدم من السيدة/ عاتقة ضد السيد/ أسامة فيما يتعلق بالمبلغ المحكوم لها به بموجب صك الحكم رقم (4530241622) وتاريخ 13/03/1445هـ، وقدره (27,651,219) ريال ـ 13/03/1445هـ","طلب تنفيذ مقدم من السيدة/ عاتقة ضد السيد/ أسامة فيما يتعلق بالمبلغ المحكوم لها به بموجب صك الحكم رقم (4530241622) وتاريخ 13/03/1445هـ، وقدره (27,651,219) ريال ـ 13/03/1445هـ",[مخرج آلي / Script Output - سماوي],[مخرج آلي يحتاج مراجعة بشرية - وردي]
أمر تنفيذ الوالدة عاتقة ضد الشيخ أسامة ـ 401024501240718 ـ 08-04-1445 ـ منتهي,أمر تنفيذ الوالدة عاتقة ضد الشيخ أسامة ـ 401024501240718 ـ 08-04-1445 ـ منتهي,[مخرج آلي / Script Output - سماوي],[مخرج آلي يحتاج مراجعة بشرية - وردي]
الشكوى (وورد),الشكوى (وورد),[مخرج آلي / Script Output - سماوي],[مخرج آلي يحتاج مراجعة بشرية - وردي]
محضر تفويض المحكمة وكيل السيد/ عدنان تحديث صك أرض الروضة بموجب طلب الإفلاس المقدم من عدنان رقم (405034600730696) وتاريخ 24/1/1446هـ ـ 24/1/1446هـ,محضر تفويض المحكمة وكيل السيد/ عدنان تحديث صك أرض الروضة بموجب طلب الإفلاس المقدم من عدنان رقم (405034600730696) وتاريخ 24/1/1446هـ ـ 24/1/1446هـ,[مخرج آلي / Script Output - سماوي],[مخرج آلي يحتاج مراجعة بشرية - وردي]
ملف مؤقت tmp,ملف مؤقت tmp,[مخرج آلي / Script Output - سماوي],[مخرج آلي يحتاج مراجعة بشرية - وردي]
ضبط جلسة رقم 33 يوم 02-12-1444 هـ للقضية رقم 42824717.pdf,ضبط جلسة رقم 33 يوم 02-12-1444 هـ للقضية رقم 42824717.pdf,[مخرج آلي / Script Output - سماوي],[مخرج آلي يحتاج مراجعة بشرية - وردي]
حكم برفض الولاية على الشيخ أحمد زيني من القاضي اللحيدان ـ 08-06-1433هـ.pdf,حكم برفض الولاية على الشيخ أحمد زيني من القاضي اللحيدان ـ 08-06-1433هـ.pdf,[مخرج آلي / Script Output - سماوي],[مخرج آلي يحتاج مراجعة بشرية - وردي]
التماس الشيخ أسامة ـ 29-04-1447,التماس الشيخ أسامة ـ 29-04-1447,[مخرج آلي / Script Output - سماوي],[مخرج آلي يحتاج مراجعة بشرية - وردي]
مختصر الشكوى المقدمة بموقع المجلس الأعلى,مختصر الشكوى المقدمة بموقع المجلس الأعلى,[مخرج آلي / Script Output - سماوي],[مخرج آلي يحتاج مراجعة بشرية - وردي]
صفحة 3 من تقديم الشكوى,صفحة 3 من تقديم الشكوى,[مخرج آلي / Script Output - سماوي],[مخرج آلي يحتاج مراجعة بشرية - وردي]
المسحوبات 1432 (zip),المسحوبات 1432 (zip),[مخرج آلي / Script Output - سماوي],[مخرج آلي يحتاج مراجعة بشرية - وردي]
طلب الاعتراض على حكم الدرجة الأولى ـ 15-07-1447 ـ ناجز,طلب الاعتراض على حكم الدرجة الأولى ـ 15-07-1447 ـ ناجز,[مخرج آلي / Script Output - سماوي],[مخرج آلي يحتاج مراجعة بشرية - وردي]
حكم نهائي الشيخ اسامة زيني ـ 42824717 - 25-08-1445 رفض الالتماس.pdf,حكم نهائي الشيخ اسامة زيني ـ 42824717 - 25-08-1445 رفض الالتماس.pdf,[مخرج آلي / Script Output - سماوي],[مخرج آلي يحتاج مراجعة بشرية - وردي]
طلب النقض على صك الاستئناف الثانية,طلب النقض على صك الاستئناف الثانية,[مخرج آلي / Script Output - سماوي],[مخرج آلي يحتاج مراجعة بشرية - وردي]
الشكوى ومرفقاتها,الشكوى ومرفقاتها,[مخرج آلي / Script Output - سماوي],[مخرج آلي يحتاج مراجعة بشرية - وردي]
أمر تنفيذ عاتقة ـ نسخة,أمر تنفيذ عاتقة ـ نسخة,[مخرج آلي / Script Output - سماوي],[مخرج آلي يحتاج مراجعة بشرية - وردي]
جدول مواعيد تبادل المذكرات والمستندات في الدعوى رقم (4717) لعام 1442هـ أمام الدائرة التجارية الأولى في الدعوى المقامة من عدنان زيني ضد عاتقة وآخرون. ـ —,جدول مواعيد تبادل المذكرات والمستندات في الدعوى رقم (4717) لعام 1442هـ أمام الدائرة التجارية الأولى في الدعوى المقامة من عدنان زيني ضد عاتقة وآخرون. ـ —,[مخرج آلي / Script Output - سماوي],[مخرج آلي يحتاج مراجعة بشرية - وردي]
مذكرة النقض الى المحكمة العليا بتاريخ 10-04-1445 ـ 42824717 ـ مرفق به عقود التخارج وتقرير احمد زيني رحمه.pdf,مذكرة النقض الى المحكمة العليا بتاريخ 10-04-1445 ـ 42824717 ـ مرفق به عقود التخارج وتقرير احمد زيني رحمه.pdf,[مخرج آلي / Script Output - سماوي],[مخرج آلي يحتاج مراجعة بشرية - وردي]
التماس على الحكم النهائي ـ دائرة الاستئناف الثانية,التماس على الحكم النهائي ـ دائرة الاستئناف الثانية,[مخرج آلي / Script Output - سماوي],[مخرج آلي يحتاج مراجعة بشرية - وردي]
لائحة المدعي بتفصيل مبلغ الحكم الابتدائي ـ 01-02-1445,لائحة المدعي بتفصيل مبلغ الحكم الابتدائي ـ 01-02-1445,[مخرج آلي / Script Output - سماوي],[مخرج آلي يحتاج مراجعة بشرية - وردي]
مذكرة جوابية من عدنان وعاتقة ـ 16-11-1444 ـ مرفق تقييم,مذكرة جوابية من عدنان وعاتقة ـ 16-11-1444 ـ مرفق تقييم,[مخرج آلي / Script Output - سماوي],[مخرج آلي يحتاج مراجعة بشرية - وردي]
فلة الوادي 1432 (rar),فلة الوادي 1432 (rar),[مخرج آلي / Script Output - سماوي],[مخرج آلي يحتاج مراجعة بشرية - وردي]
مذكرة إلحاقية ـ تناقض الحكم ـ 28-01-2026 (وورد),مذكرة إلحاقية ـ تناقض الحكم ـ 28-01-2026 (وورد),[مخرج آلي / Script Output - سماوي],[مخرج آلي يحتاج مراجعة بشرية - وردي]
مذكرة التماس الحاقية في 8-8-1445 ـ على الحكم النهائي ـ دائرة الاستئناف الثانية ضد الشيخ اسامة زيني ـ 42824717.pdf,مذكرة التماس الحاقية في 8-8-1445 ـ على الحكم النهائي ـ دائرة الاستئناف الثانية ضد الشيخ اسامة زيني ـ 42824717.pdf,[مخرج آلي / Script Output - سماوي],[مخرج آلي يحتاج مراجعة بشرية - وردي]
خطاب وزارة التجارة بتوثيق تخارج المدعين من شركة احمد زيني واولاده ـ 10-02-1434 هـ.pdf,خطاب وزارة التجارة بتوثيق تخارج المدعين من شركة احمد زيني واولاده ـ 10-02-1434 هـ.pdf,[مخرج آلي / Script Output - سماوي],[مخرج آلي يحتاج مراجعة بشرية - وردي]
مذكرة طلب النقض على الحكم النهائي,مذكرة طلب النقض على الحكم النهائي,[مخرج آلي / Script Output - سماوي],[مخرج آلي يحتاج مراجعة بشرية - وردي]
