المبلغ (ريال),تكرار,عدد الملفات,أمثلة الملفات المصدر,وسم آلي,وسم مراجعة
"3,004,840,892,019",1,1,آلية تنفيذ لدى القاضي علي القريقري ـ موقعه من جميع الاطراف.pdf,[مخرج آلي / Script Output - سماوي],[مخرج آلي يحتاج مراجعة بشرية - وردي]
"36,816,064,891",1,1,آلية تنفيذ لدى القاضي علي القريقري ـ موقعه من جميع الاطراف.pdf,[مخرج آلي / Script Output - سماوي],[مخرج آلي يحتاج مراجعة بشرية - وردي]
"3,700,000,000",1,1,حكم الولاية على الشيخ أحمد زيني من القاضي الزايدي مصدق من الاستئناف - 26-07-1434.pdf,[مخرج آلي / Script Output - سماوي],[مخرج آلي يحتاج مراجعة بشرية - وردي]
"3,681,664,891",1,1,اتفاقية الصلح والتخارج في شركات أحمد زيني وأولاده ـ مصدقة من المحكمة,[مخرج آلي / Script Output - سماوي],[مخرج آلي يحتاج مراجعة بشرية - وردي]
"3,048,489,219",1,1,اتفاقية الصلح والتخارج في شركات أحمد زيني وأولاده ـ مصدقة من المحكمة,[مخرج آلي / Script Output - سماوي],[مخرج آلي يحتاج مراجعة بشرية - وردي]
"1,840,832,446",1,1,اتفاقية الصلح والتخارج في شركات أحمد زيني وأولاده ـ مصدقة من المحكمة,[مخرج آلي / Script Output - سماوي],[مخرج آلي يحتاج مراجعة بشرية - وردي]
"1,769,886,051",2,2,آلية تنفيذ لدى القاضي علي القريقري ـ موقعه من جميع الاطراف.pdf | اتفاقية الصلح والتخارج في شركات أحمد زيني وأولاده ـ مصدقة من المحكمة,[مخرج آلي / Script Output - سماوي],[مخرج آلي يحتاج مراجعة بشرية - وردي]
"1,524,244,610",1,1,اتفاقية الصلح والتخارج في شركات أحمد زيني وأولاده ـ مصدقة من المحكمة,[مخرج آلي / Script Output - سماوي],[مخرج آلي يحتاج مراجعة بشرية - وردي]
"1,037,259,019",1,1,"ملخص تقرير خبرة مقدم إلى المحكمة الإدارية العامة بجدة الدائرة السابعة عشر صادر عن مكتب ""طلال أبو غزالة وشركاه"" مؤرخ 5/10/2011م ـ 5/10/2011م",[مخرج آلي / Script Output - سماوي],[مخرج آلي يحتاج مراجعة بشرية - وردي]
"884,943,025",1,1,اتفاقية الصلح والتخارج في شركات أحمد زيني وأولاده ـ مصدقة من المحكمة,[مخرج آلي / Script Output - سماوي],[مخرج آلي يحتاج مراجعة بشرية - وردي]
"372,426,828",1,1,ضبط جلسة رقم 32 يوم 24-11-1444 هـ للقضية رقم 42824717.pdf,[مخرج آلي / Script Output - سماوي],[مخرج آلي يحتاج مراجعة بشرية - وردي]
"370,000,000",1,1,حكم الولاية على الشيخ أحمد زيني من القاضي الزايدي مصدق من الاستئناف - 26-07-1434.pdf,[مخرج آلي / Script Output - سماوي],[مخرج آلي يحتاج مراجعة بشرية - وردي]
"368,757,931",13,13,الإيميل الوارد من الدكتور محمد البنا بشأن دراسة الحكمين في قضية 42824717.pdf | التماس على الحكم النهائي ـ دائرة الاستئناف الثانية | التماس على الحكم النهائي ـ نسخة | التماس على الحكم النهائي ـ نسخة ثانية | الشكوى الرابعة | شكوى اسامة زيني الى وزير العدل ـ 13-011-1445 ـ 21-05-2024 ـ ومرفقاتها.pdf,[مخرج آلي / Script Output - سماوي],[مخرج آلي يحتاج مراجعة بشرية - وردي]
"368,000,000",2,2,حكم الدعيلج بإرجاع القضية 3218883 ـ نسخة | حكم القاضي الدعيلج بإرجاع القضية رقم 3218883 ـ 25-10-1438,[مخرج آلي / Script Output - سماوي],[مخرج آلي يحتاج مراجعة بشرية - وردي]
"335,184,145",1,1,ضبط جلسة رقم 32 يوم 24-11-1444 هـ للقضية رقم 42824717.pdf,[مخرج آلي / Script Output - سماوي],[مخرج آلي يحتاج مراجعة بشرية - وردي]
"331,882,138",11,11,الإيميل الوارد من الدكتور محمد البنا بشأن دراسة الحكمين في قضية 42824717.pdf | التماس على الحكم النهائي ـ دائرة الاستئناف الثانية | التماس على الحكم النهائي ـ نسخة | التماس على الحكم النهائي ـ نسخة ثانية | الشكوى الرابعة | شكوى اسامة زيني الى وزير العدل ـ 13-011-1445 ـ 21-05-2024 ـ ومرفقاتها.pdf,[مخرج آلي / Script Output - سماوي],[مخرج آلي يحتاج مراجعة بشرية - وردي]
"250,000,000",1,1,مرفقات المدعي عدنان زيني في الدعوى رقم 42824717.pdf,[مخرج آلي / Script Output - سماوي],[مخرج آلي يحتاج مراجعة بشرية - وردي]
"217,250,000",1,1,مرفقات المدعي عدنان زيني في الدعوى رقم 42824717.pdf,[مخرج آلي / Script Output - سماوي],[مخرج آلي يحتاج مراجعة بشرية - وردي]
"172,613,467",2,2,"مرفقات المدعي عدنان زيني في الدعوى رقم 42824717.pdf | ملخص تقرير خبرة مقدم إلى المحكمة الإدارية العامة بجدة الدائرة السابعة عشر صادر عن مكتب ""طلال أبو غزالة وشركاه"" مؤرخ 5/10/2011م ـ 5/10/2011م",[مخرج آلي / Script Output - سماوي],[مخرج آلي يحتاج مراجعة بشرية - وردي]
"172,613,466",1,1,مرفقات المدعي عدنان زيني في الدعوى رقم 42824717.pdf,[مخرج آلي / Script Output - سماوي],[مخرج آلي يحتاج مراجعة بشرية - وردي]
"140,000,000",1,1,مرفقات المدعي عدنان زيني في الدعوى رقم 42824717.pdf,[مخرج آلي / Script Output - سماوي],[مخرج آلي يحتاج مراجعة بشرية - وردي]
"137,631,929",10,10,التماس على الحكم النهائي ـ دائرة الاستئناف الثانية | التماس على الحكم النهائي ـ نسخة | التماس على الحكم النهائي ـ نسخة ثانية | الشكوى الرابعة | شكوى اسامة زيني الى وزير العدل ـ 13-011-1445 ـ 21-05-2024 ـ ومرفقاتها.pdf | شكوى اسامة زيني الى وزير العدل ـ 26-04-1446 ـ 29-10-2024 ـ ومرفقاتها.pdf,[مخرج آلي / Script Output - سماوي],[مخرج آلي يحتاج مراجعة بشرية - وردي]
"120,000,000",5,5,حكم الدعيلج بإرجاع القضية 3218883 ـ نسخة | حكم القاضي الدعيلج بإرجاع القضية رقم 3218883 ـ 25-10-1438 | حكم الولاية على الشيخ أحمد زيني من القاضي الزايدي مصدق من الاستئناف - 26-07-1434.pdf | مذكرة إلحاقية على التماس الشيخ أسامه زيني ـ القضية 42824717.docx | مذكرة إلحاقية ـ تناقض الحكم ـ 28-01-2026 (وورد),[مخرج آلي / Script Output - سماوي],[مخرج آلي يحتاج مراجعة بشرية - وردي]
"100,000,000",6,6,الشكوى ومرفقاتها | شكوى أسامة أحمد زيني ـ دعوى رقم 42824717 ـ 30-04-1445 ـ حجم اقل.pdf | شكوى أسامة أحمد زيني ـ دعوى رقم 42824717.pdf | مذكرة طلب النقض على الحكم النهائي | مرفقات المدعي عدنان زيني في الدعوى رقم 42824717.pdf | ملحق تنازل عدنان عن حصته ـ 10-02-1434,[مخرج آلي / Script Output - سماوي],[مخرج آلي يحتاج مراجعة بشرية - وردي]
"97,762,042",2,2,ضبط جلسة رقم 32 يوم 24-11-1444 هـ للقضية رقم 42824717.pdf | ضبط جلسة رقم 33 يوم 02-12-1444 هـ للقضية رقم 42824717.pdf,[مخرج آلي / Script Output - سماوي],[مخرج آلي يحتاج مراجعة بشرية - وردي]
"96,779,270",1,1,تفاصيل إخطار مطالبة مالية من عدنان زيني ضد الشيخ أسامة زيني بمبلغ 96779270 ـ في القضية رقم 42824717.pdf,[مخرج آلي / Script Output - سماوي],[مخرج آلي يحتاج مراجعة بشرية - وردي]
"79,929,906",1,1,الشكوى ومرفقاتها,[مخرج آلي / Script Output - سماوي],[مخرج آلي يحتاج مراجعة بشرية - وردي]
"79,924,901",11,11,التماس على الحكم النهائي ـ دائرة الاستئناف الثانية | التماس على الحكم النهائي ـ نسخة | التماس على الحكم النهائي ـ نسخة ثانية | الشكوى الرابعة | شكوى اسامة زيني الى وزير العدل ـ 13-011-1445 ـ 21-05-2024 ـ ومرفقاتها.pdf | شكوى اسامة زيني الى وزير العدل ـ 26-04-1446 ـ 29-10-2024 ـ ومرفقاتها.pdf,[مخرج آلي / Script Output - سماوي],[مخرج آلي يحتاج مراجعة بشرية - وردي]
"40,901,050",1,1,المسحوبات 2015 (zip),[مخرج آلي / Script Output - سماوي],[مخرج آلي يحتاج مراجعة بشرية - وردي]
"39,495,773",1,1,مرفقات المدعي عدنان زيني في الدعوى رقم 42824717.pdf,[مخرج آلي / Script Output - سماوي],[مخرج آلي يحتاج مراجعة بشرية - وردي]
"36,877,936",1,1,الشكوى ومرفقاتها,[مخرج آلي / Script Output - سماوي],[مخرج آلي يحتاج مراجعة بشرية - وردي]
"33,573,786",1,1,مرفقات المدعي عدنان زيني في الدعوى رقم 42824717.pdf,[مخرج آلي / Script Output - سماوي],[مخرج آلي يحتاج مراجعة بشرية - وردي]
"28,977,000",1,1,مرفقات المدعي عدنان زيني في الدعوى رقم 42824717.pdf,[مخرج آلي / Script Output - سماوي],[مخرج آلي يحتاج مراجعة بشرية - وردي]
"27,932,012",2,2,ضبط جلسة رقم 32 يوم 24-11-1444 هـ للقضية رقم 42824717.pdf | ضبط جلسة رقم 33 يوم 02-12-1444 هـ للقضية رقم 42824717.pdf,[مخرج آلي / Script Output - سماوي],[مخرج آلي يحتاج مراجعة بشرية - وردي]
"27,651,219",1,1,تفاصيل إخطار مطالبة مالية من عدنان زيني ضد الشيخ أسامة زيني بمبلغ 96779270 ـ في القضية رقم 42824717.pdf,[مخرج آلي / Script Output - سماوي],[مخرج آلي يحتاج مراجعة بشرية - وردي]
"21,659,786",1,1,مرفقات المدعي عدنان زيني في الدعوى رقم 42824717.pdf,[مخرج آلي / Script Output - سماوي],[مخرج آلي يحتاج مراجعة بشرية - وردي]
"20,043,862",1,1,مذكرة جوابية في 16-8-1445 ـ على الحكم النهائي ـ دائرة الاستئناف الثانية ضد الشيخ اسامة زيني ـ 42824717.pdf,[مخرج آلي / Script Output - سماوي],[مخرج آلي يحتاج مراجعة بشرية - وردي]
"20,000,000",1,1,مرفقات المدعي عدنان زيني في الدعوى رقم 42824717.pdf,[مخرج آلي / Script Output - سماوي],[مخرج آلي يحتاج مراجعة بشرية - وردي]
"19,000,500",1,1,فلة الوادي 1433 (rar),[مخرج آلي / Script Output - سماوي],[مخرج آلي يحتاج مراجعة بشرية - وردي]
"17,635,241",1,1,مرفقات المدعي عدنان زيني في الدعوى رقم 42824717.pdf,[مخرج آلي / Script Output - سماوي],[مخرج آلي يحتاج مراجعة بشرية - وردي]
"14,282,008",1,1,"ملخص تقرير خبرة مقدم إلى المحكمة الإدارية العامة بجدة الدائرة السابعة عشر صادر عن مكتب ""طلال أبو غزالة وشركاه"" مؤرخ 5/10/2011م ـ 5/10/2011م",[مخرج آلي / Script Output - سماوي],[مخرج آلي يحتاج مراجعة بشرية - وردي]
"11,679,151",2,2,"مرفقات المدعي عدنان زيني في الدعوى رقم 42824717.pdf | ملخص تقرير خبرة مقدم إلى المحكمة الإدارية العامة بجدة الدائرة السابعة عشر صادر عن مكتب ""طلال أبو غزالة وشركاه"" مؤرخ 5/10/2011م ـ 5/10/2011م",[مخرج آلي / Script Output - سماوي],[مخرج آلي يحتاج مراجعة بشرية - وردي]
"10,730,000",1,1,مرفقات المدعي عدنان زيني في الدعوى رقم 42824717.pdf,[مخرج آلي / Script Output - سماوي],[مخرج آلي يحتاج مراجعة بشرية - وردي]
"6,061,304",10,10,التماس على الحكم النهائي ـ دائرة الاستئناف الثانية | التماس على الحكم النهائي ـ نسخة | التماس على الحكم النهائي ـ نسخة ثانية | الشكوى الرابعة | شكوى اسامة زيني الى وزير العدل ـ 13-011-1445 ـ 21-05-2024 ـ ومرفقاتها.pdf | شكوى اسامة زيني الى وزير العدل ـ 26-04-1446 ـ 29-10-2024 ـ ومرفقاتها.pdf,[مخرج آلي / Script Output - سماوي],[مخرج آلي يحتاج مراجعة بشرية - وردي]
"5,850,000",1,1,مرفقات المدعي عدنان زيني في الدعوى رقم 42824717.pdf,[مخرج آلي / Script Output - سماوي],[مخرج آلي يحتاج مراجعة بشرية - وردي]
"5,000,001",1,1,اتفاقية الصلح والتخارج في شركات أحمد زيني وأولاده ـ مصدقة من المحكمة,[مخرج آلي / Script Output - سماوي],[مخرج آلي يحتاج مراجعة بشرية - وردي]
"5,000,000",2,2,حكم الولاية على الشيخ أحمد زيني من القاضي الزايدي مصدق من الاستئناف - 26-07-1434.pdf | مذكرة طلب النقض على الحكم النهائي,[مخرج آلي / Script Output - سماوي],[مخرج آلي يحتاج مراجعة بشرية - وردي]
"4,690,483",2,2,"تقرير أبو غزالة ـ المرحلة الأولى (أولاً وثانياً) | تقرير خبرة (المرحلة الأولى) صادر عن مكتب ""طلال أبو غزالة وشركاه"" مؤرخ 27/6/2011م ـ 27/6/2011م",[مخرج آلي / Script Output - سماوي],[مخرج آلي يحتاج مراجعة بشرية - وردي]
"3,062,129",1,1,"ملخص تقرير خبرة مقدم إلى المحكمة الإدارية العامة بجدة الدائرة السابعة عشر صادر عن مكتب ""طلال أبو غزالة وشركاه"" مؤرخ 5/10/2011م ـ 5/10/2011م",[مخرج آلي / Script Output - سماوي],[مخرج آلي يحتاج مراجعة بشرية - وردي]
"2,500,000",1,1,مرفقات المدعي عدنان زيني في الدعوى رقم 42824717.pdf,[مخرج آلي / Script Output - سماوي],[مخرج آلي يحتاج مراجعة بشرية - وردي]
"2,463,761",2,2,"تقرير أبو غزالة ـ المرحلة الأولى (أولاً وثانياً) | تقرير خبرة (المرحلة الأولى) صادر عن مكتب ""طلال أبو غزالة وشركاه"" مؤرخ 27/6/2011م ـ 27/6/2011م",[مخرج آلي / Script Output - سماوي],[مخرج آلي يحتاج مراجعة بشرية - وردي]
"2,020,000",10,10,التماس على الحكم النهائي ـ دائرة الاستئناف الثانية | التماس على الحكم النهائي ـ نسخة | التماس على الحكم النهائي ـ نسخة ثانية | الشكوى الرابعة | شكوى اسامة زيني الى وزير العدل ـ 13-011-1445 ـ 21-05-2024 ـ ومرفقاتها.pdf | شكوى اسامة زيني الى وزير العدل ـ 26-04-1446 ـ 29-10-2024 ـ ومرفقاتها.pdf,[مخرج آلي / Script Output - سماوي],[مخرج آلي يحتاج مراجعة بشرية - وردي]
"1,974,805",1,1,مرفقات المدعي عدنان زيني في الدعوى رقم 42824717.pdf,[مخرج آلي / Script Output - سماوي],[مخرج آلي يحتاج مراجعة بشرية - وردي]
"1,943,903",2,2,"مرفقات المدعي عدنان زيني في الدعوى رقم 42824717.pdf | ملخص تقرير خبرة مقدم إلى المحكمة الإدارية العامة بجدة الدائرة السابعة عشر صادر عن مكتب ""طلال أبو غزالة وشركاه"" مؤرخ 5/10/2011م ـ 5/10/2011م",[مخرج آلي / Script Output - سماوي],[مخرج آلي يحتاج مراجعة بشرية - وردي]
"1,900,000",1,1,مرفقات المدعي عدنان زيني في الدعوى رقم 42824717.pdf,[مخرج آلي / Script Output - سماوي],[مخرج آلي يحتاج مراجعة بشرية - وردي]
"1,808,346",1,1,اتفاقية الصلح والتخارج في شركات أحمد زيني وأولاده ـ مصدقة من المحكمة,[مخرج آلي / Script Output - سماوي],[مخرج آلي يحتاج مراجعة بشرية - وردي]
"1,662,326",1,1,المسحوبات 2015 (zip),[مخرج آلي / Script Output - سماوي],[مخرج آلي يحتاج مراجعة بشرية - وردي]
"1,527,778",1,1,مرفقات المدعي عدنان زيني في الدعوى رقم 42824717.pdf,[مخرج آلي / Script Output - سماوي],[مخرج آلي يحتاج مراجعة بشرية - وردي]
"1,390,810",1,1,المسحوبات 2015 (zip),[مخرج آلي / Script Output - سماوي],[مخرج آلي يحتاج مراجعة بشرية - وردي]
"1,170,000",1,1,مرفقات المدعي عدنان زيني في الدعوى رقم 42824717.pdf,[مخرج آلي / Script Output - سماوي],[مخرج آلي يحتاج مراجعة بشرية - وردي]
"1,000,000",1,1,مرفقات المدعي عدنان زيني في الدعوى رقم 42824717.pdf,[مخرج آلي / Script Output - سماوي],[مخرج آلي يحتاج مراجعة بشرية - وردي]
"900,000",1,1,مرفقات المدعي عدنان زيني في الدعوى رقم 42824717.pdf,[مخرج آلي / Script Output - سماوي],[مخرج آلي يحتاج مراجعة بشرية - وردي]
"856,255",2,2,"مرفقات المدعي عدنان زيني في الدعوى رقم 42824717.pdf | ملخص تقرير خبرة مقدم إلى المحكمة الإدارية العامة بجدة الدائرة السابعة عشر صادر عن مكتب ""طلال أبو غزالة وشركاه"" مؤرخ 5/10/2011م ـ 5/10/2011م",[مخرج آلي / Script Output - سماوي],[مخرج آلي يحتاج مراجعة بشرية - وردي]
"833,333",1,1,مرفقات المدعي عدنان زيني في الدعوى رقم 42824717.pdf,[مخرج آلي / Script Output - سماوي],[مخرج آلي يحتاج مراجعة بشرية - وردي]
"737,500",1,1,"ملخص تقرير خبرة مقدم إلى المحكمة الإدارية العامة بجدة الدائرة السابعة عشر صادر عن مكتب ""طلال أبو غزالة وشركاه"" مؤرخ 5/10/2011م ـ 5/10/2011م",[مخرج آلي / Script Output - سماوي],[مخرج آلي يحتاج مراجعة بشرية - وردي]
"650,000",1,1,مرفقات المدعي عدنان زيني في الدعوى رقم 42824717.pdf,[مخرج آلي / Script Output - سماوي],[مخرج آلي يحتاج مراجعة بشرية - وردي]
"590,000",1,1,مرفقات المدعي عدنان زيني في الدعوى رقم 42824717.pdf,[مخرج آلي / Script Output - سماوي],[مخرج آلي يحتاج مراجعة بشرية - وردي]
"556,415",1,1,فلة الوادي 2015 (rar),[مخرج آلي / Script Output - سماوي],[مخرج آلي يحتاج مراجعة بشرية - وردي]
"500,000",9,9,الشكوى ومرفقاتها | شكوى أسامة أحمد زيني ـ دعوى رقم 42824717 ـ 30-04-1445 ـ حجم اقل.pdf | شكوى أسامة أحمد زيني ـ دعوى رقم 42824717.pdf | مذكرة طلب النقض على الحكم النهائي | مرفق 1 ـ مذكرة عزام خوج ـ 05-07-1434 | مرفق 3 ـ مذكرة أبو راشد ـ 23-01-1443,[مخرج آلي / Script Output - سماوي],[مخرج آلي يحتاج مراجعة بشرية - وردي]
"466,000",1,1,مرفقات المدعي عدنان زيني في الدعوى رقم 42824717.pdf,[مخرج آلي / Script Output - سماوي],[مخرج آلي يحتاج مراجعة بشرية - وردي]
"450,000",14,14,الإيميل الوارد من الدكتور محمد البنا بشأن دراسة الحكمين في قضية 42824717.pdf | الشكوى ومرفقاتها | حكم الدعيلج بإرجاع القضية 3218883 ـ نسخة | حكم القاضي الدعيلج بإرجاع القضية رقم 3218883 ـ 25-10-1438 | حكم الولاية على الشيخ أحمد زيني من القاضي الزايدي مصدق من الاستئناف - 26-07-1434.pdf | شكوى أسامة أحمد زيني ـ دعوى رقم 42824717 ـ 30-04-1445 ـ حجم اقل.pdf,[مخرج آلي / Script Output - سماوي],[مخرج آلي يحتاج مراجعة بشرية - وردي]
"390,000",1,1,"ملخص تقرير خبرة مقدم إلى المحكمة الإدارية العامة بجدة الدائرة السابعة عشر صادر عن مكتب ""طلال أبو غزالة وشركاه"" مؤرخ 5/10/2011م ـ 5/10/2011م",[مخرج آلي / Script Output - سماوي],[مخرج آلي يحتاج مراجعة بشرية - وردي]
"350,000",1,1,مرفقات المدعي عدنان زيني في الدعوى رقم 42824717.pdf,[مخرج آلي / Script Output - سماوي],[مخرج آلي يحتاج مراجعة بشرية - وردي]
"300,000",1,1,مرفقات المدعي عدنان زيني في الدعوى رقم 42824717.pdf,[مخرج آلي / Script Output - سماوي],[مخرج آلي يحتاج مراجعة بشرية - وردي]
"290,000",1,1,مرفقات المدعي عدنان زيني في الدعوى رقم 42824717.pdf,[مخرج آلي / Script Output - سماوي],[مخرج آلي يحتاج مراجعة بشرية - وردي]
"210,504",1,1,مرفقات المدعي عدنان زيني في الدعوى رقم 42824717.pdf,[مخرج آلي / Script Output - سماوي],[مخرج آلي يحتاج مراجعة بشرية - وردي]
"150,000",12,12,التماس على الحكم النهائي ـ دائرة الاستئناف الثانية | التماس على الحكم النهائي ـ نسخة | التماس على الحكم النهائي ـ نسخة ثانية | الشكوى الرابعة | الشكوى ومرفقاتها | شكوى اسامة زيني الى وزير العدل ـ 13-011-1445 ـ 21-05-2024 ـ ومرفقاتها.pdf,[مخرج آلي / Script Output - سماوي],[مخرج آلي يحتاج مراجعة بشرية - وردي]
"147,500",1,1,مرفقات المدعي عدنان زيني في الدعوى رقم 42824717.pdf,[مخرج آلي / Script Output - سماوي],[مخرج آلي يحتاج مراجعة بشرية - وردي]
"100,000",2,2,اتفاقية الصلح والتخارج في شركات أحمد زيني وأولاده ـ مصدقة من المحكمة | مرفقات المدعي عدنان زيني في الدعوى رقم 42824717.pdf,[مخرج آلي / Script Output - سماوي],[مخرج آلي يحتاج مراجعة بشرية - وردي]
