السبب/الوجه المرشّح,المصدر,وسم آلي,وسم مراجعة
عدم جواز الطعن بالغبن لكون المورث تاجر ولا يتصور أن يُغبن في تجارته أو ألا يكون عالمًا بالقيمة الحقيقية للشيء المباع,أسباب اعتراض المدعي,[مخرج آلي / Script Output - سماوي],[مخرج آلي يحتاج مراجعة بشرية - وردي]
فساد الاستدلال بتقرير الحكم ارتضاء طرفي الدعوى بالتقييم الصادر عن الخبير في دعوى التخارج؛ لأن هذه الدعوى أُنهيت صلحًا ولم يتم الاعتماد على التقرير، وأن الموجود لدى الدائرة مسودة تقرير وليس تقرير نهائي,أسباب اعتراض المدعي,[مخرج آلي / Script Output - سماوي],[مخرج آلي يحتاج مراجعة بشرية - وردي]
أن الحكم لم يلتفت لدخول شريك جديد وهي شركة (أوزكو المحدودة) بما لها من موجودات، أدى إلى رفع قيمته السوقية خاصة بعد ممارسة نشاطها لأكثر من عام بعد الاندماج,أسباب اعتراض المدعي,[مخرج آلي / Script Output - سماوي],[مخرج آلي يحتاج مراجعة بشرية - وردي]
دفع السيد/ أسامة بأن تأخره في تقديم العقد المؤرخ في 20/9/1431هـ كان سببه أن السيد/ عدنان أسس دعواه على أنه باع الحصص على نفسه بالوكالة الممنوحة له، ولذلك كان دفعه يقتصر على أن المورث أبرم العقد بنفسه,أسباب اعتراض المدعي,[مخرج آلي / Script Output - سماوي],[مخرج آلي يحتاج مراجعة بشرية - وردي]
أن الدائرة حكمت بناءً على استنتاجات مغلوطة وقناعات وعلم شخصي دون سند نظامي، بقولها أنه لا يوجد قيمة حقيقية متفق عليها بينه وبين المورث,أسباب اعتراض المدعي,[مخرج آلي / Script Output - سماوي],[مخرج آلي يحتاج مراجعة بشرية - وردي]
أن الدائرة لم تناقش العقد، ولم تطلب منه إثبات سداده الثمن المتفق عليه,أسباب اعتراض المدعي,[مخرج آلي / Script Output - سماوي],[مخرج آلي يحتاج مراجعة بشرية - وردي]
عدم اختصاص المحكمة بنظر الدعوى نوعيًا؛ لكون النزاع يثور حول التركة التي خلفها السيد/ أحمد الزيني المورث وليس نزاعًا تجاريًا حتى تختص المحكمة التجارية بنظره بناء على المادة (16) من نظام المحاكم التجارية,أسباب اعتراض المدعي,[مخرج آلي / Script Output - سماوي],[مخرج آلي يحتاج مراجعة بشرية - وردي]
سبق الفصل في هذه الدعوى بموجب الدعوى المقيدة برقم (33286392) وتاريخ 8/6/1433هـ، والمنظورة لدى فضيلة القاضي صالح الزايدي والتي ثبت فيها صحة العقد، واستلام المورث قيمة الحصص,أسباب اعتراض المدعي,[مخرج آلي / Script Output - سماوي],[مخرج آلي يحتاج مراجعة بشرية - وردي]
إبراء السيد/ عدنان للسيد/ أسامة في دعوى التخارج وأنه ليس له الحق في مطالبته بأي حقوق حالية أو مستقبلية، وأنه صدق على هذا الإبراء أمام كاتب العدل، مما يعد تصديق على تخارج والده من الشركة أيضًّا,أسباب اعتراض المدعي,[مخرج آلي / Script Output - سماوي],[مخرج آلي يحتاج مراجعة بشرية - وردي]
إهدار الدائرة حجية عقد البيع المبرم بينه وبين المورث، بالمخالفة للمادة (29/1) من نظام الإثبات,أسباب اعتراض المدعي,[مخرج آلي / Script Output - سماوي],[مخرج آلي يحتاج مراجعة بشرية - وردي]
أن الدائرة لم تستكمل إجراءات التحقق من دفع السيد/ عدنان بتزوير العقد رغم أنه مستند جوهري للفصل في الدعوى، ورغم أنه -المدعي- دفع بتزوير توقيع المورث أكثر من مرة، رغم أن التحقيق في هذا الدفع سيغير وجه الفصل في الدعوى,أسباب اعتراض المدعي,[مخرج آلي / Script Output - سماوي],[مخرج آلي يحتاج مراجعة بشرية - وردي]
أن الحكم قضى بأكثر مما يطلبه الخصوم، إذ أن المدعيين طالبا بنصيبهم من تركة مورثهم بينما الحكم قضي بتسليم كامل قيمة الحصص التي باعها المورث على السيد/ أسامة,أسباب اعتراض المدعي,[مخرج آلي / Script Output - سماوي],[مخرج آلي يحتاج مراجعة بشرية - وردي]
أن الدائرة تجاهلت الدفع بسداد ثمن الحصص المتفق عليه في العقد المؤرخ في 20/9/1431هـ وأن هذا سيترتب عليه سداده هذا الثمن مرتين الأمر الذي يعد أكل لأمواله بالباطل,أسباب اعتراض المدعي,[مخرج آلي / Script Output - سماوي],[مخرج آلي يحتاج مراجعة بشرية - وردي]
تجاهلت الدائرة مخاطبة المحكمة العامة بجدة الدائرة ناظرة الدعوى المقيدة برقم (33286392) وتاريخ 8/6/1433هـ لكون المستندات المحاسبية لديها,أسباب اعتراض المدعي,[مخرج آلي / Script Output - سماوي],[مخرج آلي يحتاج مراجعة بشرية - وردي]
لا ينال من أحقية المدعي في هذه المطالبة تصفية الشركة، لثبوت الغبن الفاحش والمدعى عليه في حكم المشرف المتصرف في المال، ويجعل به للمغبون أو لورثته حق الرجوع على الغابن إما بالفسخ أو بسداد الفرق,دفوع,[مخرج آلي / Script Output - سماوي],[مخرج آلي يحتاج مراجعة بشرية - وردي]
"ما دفع به المدعى عليه من أن التقرير الذي اعتمدت عليه الدائرة نالته أيدي العبث والتعديل من المدعي يضاف إلى جملة تناقضات المدعى عليه أن التقرير المؤسس عليه الحكم هو المؤرخ في 7/11/1432هـ الموافق 5/10/2011م وقد ورد فيه أن القيمة الإجمالية لحصص المورث هي بمبلغ (368,757,931) ريال، ولم يدعِ أي من الطرفين تزويره، بل إن المدعي عليه ناقشه في عدة مواضع، وذكرتها في تسبيبها",دفوع,[مخرج آلي / Script Output - سماوي],[مخرج آلي يحتاج مراجعة بشرية - وردي]
أن المدعيين تراجعوا عن طلب التحقق من التزوير لكون وقائع الدعوى كافية بعدم صحة العقد، وعلى فرض صحته فإن هذا الدفع أصبح غير منتج بعد تصفية الشركة اختياريًا من قِبل المدعى عليه، بالإضافة إلى ثبوته ركنًا ومحلًا بعدم أهلية أحد العاقدين ابتداء، ثم بتخلف الثمن الحقيقي العادل للمبيع وثبوت انتفائه,دفوع,[مخرج آلي / Script Output - سماوي],[مخرج آلي يحتاج مراجعة بشرية - وردي]
عرض التقرير المبدئي والنهائي على خبير محاسبي معتمد والتحري عمّا بهما من أخطاء وكيف توصل الخبير المنتدب لهذه النتيجة مع ما بها من فارق شاسع بين التقريرين، إلا أن الإشكالية أن الخصم قد يدفع بأن بتقرير الخبير المعتمد بأن صنع السيد/ أسامة,نقض حجية التقرير المحاسبي,[مخرج آلي / Script Output - سماوي],[مخرج آلي يحتاج مراجعة بشرية - وردي]
إعادة تقدير قيمة الشركة بناء على القوائم المالية للسنوات السابقة على البيع، وتقديم التقرير لإيضاح القيمة الحقيقة لحصة المورث، وأنها لم تزد كثيرًا عن التقدير في التقرير الصادر عن العيوطي,نقض حجية التقرير المحاسبي,[مخرج آلي / Script Output - سماوي],[مخرج آلي يحتاج مراجعة بشرية - وردي]
"ذكر السيد/ أسامة بصدور تقييم للشركة من المكتب المحاسبي ""العيوطي""، وأن هذا التقييم هو الذي بموجبه تم فض الشركة بين المورث و(عبد الله آبار) -رغم اختلاف أسم الشركة في التقرير المرفق بالدراسة- ومن ثم؛ إذا أثبت أن قيمة الشركة لم تتغير عمّا قدرت عليه في هذا التقرير يمكن أن يتخذ قرينة لإهدار تقرير أبو غزالة",نقض حجية التقرير المحاسبي,[مخرج آلي / Script Output - سماوي],[مخرج آلي يحتاج مراجعة بشرية - وردي]
إثبات أن هنالك تغييرات طرأت على حالة الشركة نتج عنها تغيير قيمتها السوقية بعد شراء حصص المورث، هذا وإن السيد/ أسامة قد دفع باندماج شركة أخرى مع الشركة موضوع البيع الأمر الذي ترتب عليه زيادة قيمته، إلا أن الدفع كان مرسل,نقض حجية التقرير المحاسبي,[مخرج آلي / Script Output - سماوي],[مخرج آلي يحتاج مراجعة بشرية - وردي]
وأما بشأن طرح الدائرة دفع السيد/ أسامة سبق الفصل في الدعوى لاختلاف موضوع الدعوى في كل من الدعويين السابقتين بين طرفي الدعوى فإحداهما كانت بخصوص تقرير الولاية على المورث والأخرى كانت بطلب إبطال العقد إلا أن الحكم صدر فيها بعدم الاختصاص,نقض حجية التقرير المحاسبي,[مخرج آلي / Script Output - سماوي],[مخرج آلي يحتاج مراجعة بشرية - وردي]
"فإن التخريج بالنظر في تصرف السيد/ عدنان، وذلك إعمالًا لما جاء به المبدأ القضائي رقم (2140): ""دلالة الفعل في بعض الأحوال أبلغ من دلالة القول"" [(م ق د): (245/4)، (17/5/1415)]، فقد تم تقرير عدم أهلية المورث وإقامة قيم عليه بموجب التقرير الطبي المعد في عام 1436هـ، ومع ذلك لم يتخذ السيد/ عدنان أي إجراء في مواجهة القيم المعين على المورث لعدم مبادرته بطلب إبطال العقد أو رفع الغبن المدعى وقوع المورث فيه، في حين أنه رغب في إقامة القيم على المورث بسبب هذا العقد",نقض حجية التقرير المحاسبي,[مخرج آلي / Script Output - سماوي],[مخرج آلي يحتاج مراجعة بشرية - وردي]
وقد تراخى هذا الإجراء لحين وفاة المورث عام 1438هـ -تقريبًا- بل ولم يبادر في إقامة الدعوى بعد وفاة المورث مباشرة وانتظر أربعة أعوام إذ لم تقام هذه الدعوى إلى في آخر عام 1442هـ، إذ أن جدية الموقف كانت تتطلب منه اتخاذ إجراء سريع وحاسم، وعليه؛ فهذا التراخي قرينة ظاهرة على عدم صحة الدعوى، وكيديتها,نقض حجية التقرير المحاسبي,[مخرج آلي / Script Output - سماوي],[مخرج آلي يحتاج مراجعة بشرية - وردي]
"ج/ أجاز المنظم في المادة (46/1) من نظام الإثبات لمدعي التزوير التراجع عن هذا الدفع دون أن يُرتب أي أثر على هذا التراجع فيما يتعلق بقبول الدفوع التالية له من عدمه، ونصها: ""يجوز لمن يدعي تزوير المحَّرر أن يتنازل عن ادعائه قبل انتهاء إجراءات التحقيق، ولا يقبل منه ادعاء تزوير المحَّرر بعد تنازله""",دفوع,[مخرج آلي / Script Output - سماوي],[مخرج آلي يحتاج مراجعة بشرية - وردي]
وبالوقوف على وقائع الدعوى فإن الأدلة الجنائية لم تكن انتهت من إجراءات التحقق من نسبة التوقيع للمورث من عدمه، الأمر الذي يجعل تصرف السيد/ عدنان بالرجوع عن الدفع بالتزوير تصرف جائز نظامًا، ويعد إقرارًا ضمنيًا بصحة ذلك المحرر,دفوع,[مخرج آلي / Script Output - سماوي],[مخرج آلي يحتاج مراجعة بشرية - وردي]
غير أن ذلك لا يحول دون التمسك بالغبن بعد ذلك، حيث إن صحة نسبة التوقيع وصدوره عن الشخص المعني لا يعد قرينة على سلامة العقد وأن الحقوق والالتزامات التي رتبها في ذمة طرفيه متعادلة,دفوع,[مخرج آلي / Script Output - سماوي],[مخرج آلي يحتاج مراجعة بشرية - وردي]
تقرير من خبير أمنى عن صحة توقيع المورث لإثبات صحة صفته واهليته,دفوع,[مخرج آلي / Script Output - سماوي],[مخرج آلي يحتاج مراجعة بشرية - وردي]
"قد يكون لها أثر في إعادة فتح القضية مرة أخرى، إلا أن هذا الأثر ضعيف؛ لأن الحكم لم يؤسس قضاؤه على تزوير التوقيع من عدمه، بل على الغبن في ثمن المبيع واحتواء العقد على تناقضات جلية من احتساب أجرة السيد/ أسامة طيلة (30) عامًا ضمن ثمن المبيع، وتنازله عن مبلغ (10,000,000) ريال كمكافأة له، إذ أن هذين البندين فقط قيمتهما تجاوزت نصف ثمن المبيع وهو أمر لا يتصور وفقًا لتقدير المحكمة [وهو أمر به شيء من المنطق]",دفوع,[مخرج آلي / Script Output - سماوي],[مخرج آلي يحتاج مراجعة بشرية - وردي]
رصد مضامين كافة تقارير الصحة النفسية وتواريخها واختلاف وضع حالة المورث بناء عليه,دفوع,[مخرج آلي / Script Output - سماوي],[مخرج آلي يحتاج مراجعة بشرية - وردي]
التوصية الأولى ـ تجهيز عريضة نقض موضوعية مركّبة على ثلاث محاور رئيسة: (أ) محور التعارض الداخلي في تقرير الخبير المعتمد، ودلالته على أن الحكم بُني على دليل ينقض نفسه؛ (ب) محور القصور في التسبيب وإغفال المستندات الجوهرية (KPMG، اتفاقية الصلح، حقيقة ملكية شركة الأولاده)؛ (ج) محور خرق قاعدة الحجية الزمنية باعتماد دليل لاحق على واقعة البيع وإهمال دليل أقرب زماناً. مع تخصيص فصل مستقل لكل محور وربطه بالنصوص النظامية ذات الصلة (المواد 184، 200، و212 من نظام المرافعات الشرعية).,توصيات السير في طعن النقض,[مخرج آلي / Script Output - سماوي],[مخرج آلي يحتاج مراجعة بشرية - وردي]
التوصية الثانية ـ الدفع بحجية الشيء المحكوم فيه: سبق الفصل في دعوى رفض الولاية بصك (33286392) في 08/06/1433هـ بأن المورث «قادر على القيام بشؤونه» وقت قريب من البيع، وهي حجية قضائية على المسألة العقلية. ينبغي بناء دفع مستقل بأن إعادة طرح ذات الواقعة (إدراك المورث وقت البيع) في الدعوى الراهنة يخرق الحجية وفق المادة (184) من نظام المرافعات الشرعية ـ وهو سبب نقض بحت لا يحتاج لإعادة تقييم وقائع.,توصيات السير في طعن النقض,[مخرج آلي / Script Output - سماوي],[مخرج آلي يحتاج مراجعة بشرية - وردي]
التوصية الثالثة ـ تفعيل مذكرة «تناقض الحكم» الإلحاقية الموثّقة في 28/01/2026م: هذه المذكرة في ملف القضية تكشف إقراراً قضائياً ضمنياً بوجود تناقضات في سلسلة الأحكام، وهي مدخل نظامي لطعن «تعارض الأحكام» المنفصل عن طعن النقض المعتاد. يُوصى ببناء مذكرة مستقلة موجهة إلى المحكمة العليا تستثمر هذه المذكرة وتربطها بالحكمين المتعارضين في مسألة تنفيذ السيدة عاتقة (13/04/1447هـ و22/07/1447هـ).,توصيات السير في طعن النقض,[مخرج آلي / Script Output - سماوي],[مخرج آلي يحتاج مراجعة بشرية - وردي]
التوصية الرابعة ـ طلب ضم تقرير أبو غزالة النهائي الكامل ومرفقاته إلى ملف النقض: التقرير المحفوظ ضمن ملف ناجز يحوي «جدول الشركاء بتاريخ 31/3/2011م» الذي يثبت أن المورث ليس شريكاً وقت التقرير. ضمّ هذا المستند بنصه الأصلي ـ لا اقتباساً منه ـ والاستشهاد به في مرافعة النقض يقلب طاولة الادعاء بقوة وثيقتها الأصلية ذاتها. ويُوصى أيضاً بطلب ضم تقرير العيوطي ومحضر اجتماع تقسيم شركات آبار وزيني.,توصيات السير في طعن النقض,[مخرج آلي / Script Output - سماوي],[مخرج آلي يحتاج مراجعة بشرية - وردي]
التوصية الخامسة ـ مسار قانوني مواز لتأمين الأدلة المفقودة من القائمة الحمراء: تأمين تقرير كي بي إم جي رسمياً من المكتب نفسه؛ ومخاطبة المستشفيات الثلاثة (الصحة النفسية، الملك عبدالعزيز، السعودي الألماني) للحصول على أصول التقارير الطبية الأربعة كمحررات مستقلة معتمدة؛ وطلب صورة من خطاب وزير العدل رقم (21/567889/33) من ديوان الوزارة لإثبات وجوده. وتقديم هذه المستندات الأصلية ضمن طلب النقض الأخير المؤرخ 07/10/1447هـ.,توصيات السير في طعن النقض,[مخرج آلي / Script Output - سماوي],[مخرج آلي يحتاج مراجعة بشرية - وردي]
التوصية السادسة ـ معالجة منفصلة لمسار تنفيذ السيدة/ عاتقة بعد النقض في 22/07/1447هـ: الحكم الصادر بنقض إبراء الذمة من تنفيذ الوالدة فتح مساراً مستقلاً يستوجب: (أ) دراسة الحكم الناقض وأسبابه؛ (ب) بناء دفع موضوعي على ضوء صدور صك ولايتها لاحقاً لتوقيع البراءة (24/04/1446هـ مقابل 25/08/1445هـ)؛ (ج) النظر في طريق طعن مستقل عليه ضمن مواعيد النظام، مع المحافظة على عدم تشابك هذا المسار مع طعن النقض الأصلي.,توصيات السير في طعن النقض,[مخرج آلي / Script Output - سماوي],[مخرج آلي يحتاج مراجعة بشرية - وردي]
التوصية السابعة ـ تجهيز مذكرة مفصّلة عن واقعة حضور السيدة/ عاتقة الجلسات: الجلسة المنعقدة في 02/11/1443هـ ـ بنص ضبطها ضمن صك الدرجة الأولى ـ تشير إلى غياب الوالدة لكونها خارج المملكة. ينبغي توثيق ذلك مع باقي جلسات غيابها، وبناء دفع جوهري بأن خصومتها كانت اسمية لا حقيقية، مما يفتح باب الدفع ببطلان الإجراءات الصادرة باسمها.,توصيات السير في طعن النقض,[مخرج آلي / Script Output - سماوي],[مخرج آلي يحتاج مراجعة بشرية - وردي]
التوصية الثامنة ـ توثيق مسار الشكاوى الإدارية والتفتيشية في ملف النقض الجاري: الست شكاوى المقدمة لوزير العدل ومجلس القضاء الأعلى والديوان الملكي وولي العهد ـ وإن لم تكن نقطة طعن قضائي مباشرة ـ توثّق مهنياً جدية النزاع وقدْم الموكل بـ«حسن نية إجرائية» متواصلة. يُوصى بإرفاق سجل موجز بهذه الشكاوى ضمن ملحقات النقض كقرينة على عمق التظلم لا للاستدلال الموضوعي.,توصيات السير في طعن النقض,[مخرج آلي / Script Output - سماوي],[مخرج آلي يحتاج مراجعة بشرية - وردي]
التوصية التاسعة ـ خط دفاع احتياطي بالتعويض المقابل: في حال تأييد الحكم النهائي ـ لا قدّر الله ـ يُحضّر مسار مواز لمطالبة عكسية بتعويض الموكل عن نفقات إدارة الشركات وأموال المورث على مدى عقود (وفق البندين خامساً وسادساً من عقد البيع المتضمن إقرار المورث ذاته)، ومن سداد مديونيات المورث للبنوك (وفق تقرير KPMG)، ومن قيمة مكافأة الإدارة المتفق عليها (10 ملايين ريال). هذه المطالبة المقابلة قد ترفع ـ في أفضل الأحوال ـ إلى المقاصة الكاملة مع المبلغ المحكوم به.,توصيات السير في طعن النقض,[مخرج آلي / Script Output - سماوي],[مخرج آلي يحتاج مراجعة بشرية - وردي]
م | اسم المستند | التاريخ | الرابط,توصيات السير في طعن النقض,[مخرج آلي / Script Output - سماوي],[مخرج آلي يحتاج مراجعة بشرية - وردي]
"1 | عقد البيع المؤرخ في 20/09/1431هـ بخصوص بيع حصص المورث في شركة ""أحمد زيني التجارية"" سجل تجاري رقم (4030169102) المبرم بين السيد/ أسامة زيني والمورث. | 20/09/1431هـ | فتح الملف",توصيات السير في طعن النقض,[مخرج آلي / Script Output - سماوي],[مخرج آلي يحتاج مراجعة بشرية - وردي]
2 | قرار الشركاء بتعديل بعض بنود عقد تأسيس شركة أحمد زيني التجارية المؤرخ في 20/09/1431هـ الموافق 30/08/2010م. [قد يقابله ملحق التنازل المتوفر في Drive ـ يلزم التحقق] | 20/09/1431هـ | غير متوفر,توصيات السير في طعن النقض,[مخرج آلي / Script Output - سماوي],[مخرج آلي يحتاج مراجعة بشرية - وردي]
3 | صك الحكم رقم (4431025114) وتاريخ 1/1/1445هـ الصادر عن الدائرة الأولى بالمحكمة التجارية بجدة في الدعوى المقيدة برقم (42824717) وتاريخ 25/12/1442هـ | 1/1/1445هـ | فتح الملف,توصيات السير في طعن النقض,[مخرج آلي / Script Output - سماوي],[مخرج آلي يحتاج مراجعة بشرية - وردي]
4 | صك الحكم رقم (4530241622) وتاريخ 13/03/1445هـ، الصادر عن دائرة الاستئناف الثانية بالمحكمة التجارية بجدة، والقاضي بتأييد ما جاء به صك الدرجة الأولى رقم (4431025114) وتاريخ 1/1/1445هـ الصادر عن الدائرة الأولى بالمحكمة التجارية بجدة في الدعوى المقيدة برقم (42824717) وتاريخ 25/12/1442هـ | 13/03/1445هـ | فتح الملف,توصيات السير في طعن النقض,[مخرج آلي / Script Output - سماوي],[مخرج آلي يحتاج مراجعة بشرية - وردي]
