النوع,القيمة,عدد الملفات,أمثلة المصادر,الحالة,وسم آلي,وسم مراجعة
نظام,نظام المرافعات,42,4257FF~1.DOC (مذكرة قديمة بترميز تالف) | الإيميل الوارد من الدكتور محمد البنا بشأن دراسة الحكمين في قضية 42824717.pdf | التماس الشيخ أسامه زيني ـ القضية 42824717 ـ من المستشار.docx | التماس ضد الحكم ـ نسخة أولى | التماس على الحكم النهائي ـ دائرة الاستئناف الثانية,يحتاج تحقق رسمي,[مخرج آلي / Script Output - سماوي],[مخرج آلي يحتاج مراجعة بشرية - وردي]
نظام,نظام المرافعات الشرعية,41,4257FF~1.DOC (مذكرة قديمة بترميز تالف) | الإيميل الوارد من الدكتور محمد البنا بشأن دراسة الحكمين في قضية 42824717.pdf | التماس الشيخ أسامه زيني ـ القضية 42824717 ـ من المستشار.docx | التماس ضد الحكم ـ نسخة أولى | التماس على الحكم النهائي ـ دائرة الاستئناف الثانية,يحتاج تحقق رسمي,[مخرج آلي / Script Output - سماوي],[مخرج آلي يحتاج مراجعة بشرية - وردي]
نظام,نظام المحاكم التجارية,26,4257FF~1.DOC (مذكرة قديمة بترميز تالف) | التماس الشيخ أسامه زيني ـ القضية 42824717 ـ من المستشار.docx | التماس ضد الحكم ـ نسخة أولى | التماس على الحكم النهائي ـ دائرة الاستئناف الثانية | التماس على الحكم النهائي ـ نسخة,يحتاج تحقق رسمي,[مخرج آلي / Script Output - سماوي],[مخرج آلي يحتاج مراجعة بشرية - وردي]
نظام,نظام الاثبات,23,-05-11~1.DOC.docx | 4257FF~1.DOC (مذكرة قديمة بترميز تالف) | الإيميل الوارد من الدكتور محمد البنا بشأن دراسة الحكمين في قضية 42824717.pdf | التماس الشيخ أسامه زيني ـ القضية 42824717 ـ من المستشار.docx | الشكوى (وورد),يحتاج تحقق رسمي,[مخرج آلي / Script Output - سماوي],[مخرج آلي يحتاج مراجعة بشرية - وردي]
نظام,نظام الإثبات,23,-05-11~1.DOC.docx | 4257FF~1.DOC (مذكرة قديمة بترميز تالف) | الإيميل الوارد من الدكتور محمد البنا بشأن دراسة الحكمين في قضية 42824717.pdf | التماس الشيخ أسامه زيني ـ القضية 42824717 ـ من المستشار.docx | الشكوى (وورد),يحتاج تحقق رسمي,[مخرج آلي / Script Output - سماوي],[مخرج آلي يحتاج مراجعة بشرية - وردي]
مادة,200,18,4257FF~1.DOC (مذكرة قديمة بترميز تالف) | التماس الشيخ أسامه زيني ـ القضية 42824717 ـ من المستشار.docx | التماس ضد الحكم ـ نسخة أولى | التماس على الحكم النهائي ـ دائرة الاستئناف الثانية | التماس على الحكم النهائي ـ نسخة,يحتاج تحقق رسمي,[مخرج آلي / Script Output - سماوي],[مخرج آلي يحتاج مراجعة بشرية - وردي]
مادة,1,17,التماس على الحكم النهائي ـ دائرة الاستئناف الثانية | التماس على الحكم النهائي ـ نسخة | التماس على الحكم النهائي ـ نسخة ثانية | الشكوى الرابعة | الشكوى ومرفقاتها,يحتاج تحقق رسمي,[مخرج آلي / Script Output - سماوي],[مخرج آلي يحتاج مراجعة بشرية - وردي]
نظام,اللائحة التنفيذية,16,4257FF~1.DOC (مذكرة قديمة بترميز تالف) | الإيميل الوارد من الدكتور محمد البنا بشأن دراسة الحكمين في قضية 42824717.pdf | التماس على الحكم النهائي ـ دائرة الاستئناف الثانية | التماس على الحكم النهائي ـ نسخة | التماس على الحكم النهائي ـ نسخة ثانية,يحتاج تحقق رسمي,[مخرج آلي / Script Output - سماوي],[مخرج آلي يحتاج مراجعة بشرية - وردي]
مادة,86,15,4257FF~1.DOC (مذكرة قديمة بترميز تالف) | التماس الشيخ أسامه زيني ـ القضية 42824717 ـ من المستشار.docx | التماس ضد الحكم ـ نسخة أولى | التماس على الحكم النهائي ـ دائرة الاستئناف الثانية | التماس على الحكم النهائي ـ نسخة,يحتاج تحقق رسمي,[مخرج آلي / Script Output - سماوي],[مخرج آلي يحتاج مراجعة بشرية - وردي]
مادة,201,11,التماس على الحكم النهائي ـ دائرة الاستئناف الثانية | التماس على الحكم النهائي ـ نسخة | التماس على الحكم النهائي ـ نسخة ثانية | التماس في في دعوى عدنان ضد الشيخ اسامة ـ بطلان حصة شركة احمد زيني التجارية ـ 42824717.docx | الشكوى الرابعة,يحتاج تحقق رسمي,[مخرج آلي / Script Output - سماوي],[مخرج آلي يحتاج مراجعة بشرية - وردي]
مادة,202,11,التماس على الحكم النهائي ـ دائرة الاستئناف الثانية | التماس على الحكم النهائي ـ نسخة | التماس على الحكم النهائي ـ نسخة ثانية | الشكوى الرابعة | الشكوى ومرفقاتها,يحتاج تحقق رسمي,[مخرج آلي / Script Output - سماوي],[مخرج آلي يحتاج مراجعة بشرية - وردي]
مادة,58,10,التماس على الحكم النهائي ـ دائرة الاستئناف الثانية | التماس على الحكم النهائي ـ نسخة | التماس على الحكم النهائي ـ نسخة ثانية | الشكوى الرابعة | شكوى اسامة زيني الى وزير العدل ـ 13-011-1445 ـ 21-05-2024 ـ ومرفقاتها.pdf,يحتاج تحقق رسمي,[مخرج آلي / Script Output - سماوي],[مخرج آلي يحتاج مراجعة بشرية - وردي]
مادة,6,9,الشكوى ومرفقاتها | حكم برفض الولاية على الشيخ أحمد زيني من القاضي اللحيدان ـ 08-06-1433هـ.pdf | شكوى أسامة أحمد زيني ـ دعوى رقم 42824717 ـ 30-04-1445 ـ حجم اقل.pdf | شكوى أسامة أحمد زيني ـ دعوى رقم 42824717.pdf | مذكرة طلب النقض على الحكم النهائي,يحتاج تحقق رسمي,[مخرج آلي / Script Output - سماوي],[مخرج آلي يحتاج مراجعة بشرية - وردي]
نظام,نظام التنفيذ,7,الشكوى ومرفقاتها | شكوى أسامة أحمد زيني ـ دعوى رقم 42824717 ـ 30-04-1445 ـ حجم اقل.pdf | شكوى أسامة أحمد زيني ـ دعوى رقم 42824717.pdf | صك حكم نهائي الشيخ اسامة زيني ـ دعوى 42824717 - 25-08-1445 هـ رفض الالتماس.pdf | صك حكم نهائي ضد الشيخ اسامة زيني ـ دعوى 42824717 - 13-03-1445 هـ.pdf,يحتاج تحقق رسمي,[مخرج آلي / Script Output - سماوي],[مخرج آلي يحتاج مراجعة بشرية - وردي]
مادة,26,7,الإيميل الوارد من الدكتور محمد البنا بشأن دراسة الحكمين في قضية 42824717.pdf | ردود على حكم الالتماس 717 | مذكرة إلحاقية على التماس الشيخ أسامه زيني ـ القضية 42824717.docx | مذكرة إلحاقية ـ تناقض الحكم ـ 28-01-2026 (وورد) | مذكرة جوابية على المدعي ـ 02-09-1447 (نسخة),يحتاج تحقق رسمي,[مخرج آلي / Script Output - سماوي],[مخرج آلي يحتاج مراجعة بشرية - وردي]
مادة,78,6,الإيميل الوارد من الدكتور محمد البنا بشأن دراسة الحكمين في قضية 42824717.pdf | حكم برفض الولاية على الشيخ أحمد زيني من القاضي اللحيدان ـ 08-06-1433هـ.pdf | مذكرة إلحاقية على التماس الشيخ أسامه زيني ـ القضية 42824717.docx | مذكرة إلحاقية ـ تناقض الحكم ـ 28-01-2026 (وورد) | مذكرة التماس الحاقية في 8-8-1445 ـ على الحكم النهائي ـ دائرة الاستئناف الثانية ضد الشيخ اسامة زيني ـ 42824717.pdf,يحتاج تحقق رسمي,[مخرج آلي / Script Output - سماوي],[مخرج آلي يحتاج مراجعة بشرية - وردي]
مادة,3,6,الشكوى ومرفقاتها | شكوى أسامة أحمد زيني ـ دعوى رقم 42824717 ـ 30-04-1445 ـ حجم اقل.pdf | شكوى أسامة أحمد زيني ـ دعوى رقم 42824717.pdf | شكوى اسامة زيني الى وزير العدل ـ قضية رقم 42824717.docx | طلب النقض على صك الاستئناف الثانية,يحتاج تحقق رسمي,[مخرج آلي / Script Output - سماوي],[مخرج آلي يحتاج مراجعة بشرية - وردي]
مادة,21,6,الشكوى ومرفقاتها | شكوى أسامة أحمد زيني ـ دعوى رقم 42824717 ـ 30-04-1445 ـ حجم اقل.pdf | شكوى أسامة أحمد زيني ـ دعوى رقم 42824717.pdf | شكوى اسامة زيني الى وزير العدل ـ قضية رقم 42824717.docx | طلب النقض على صك الاستئناف الثانية,يحتاج تحقق رسمي,[مخرج آلي / Script Output - سماوي],[مخرج آلي يحتاج مراجعة بشرية - وردي]
مادة,16,5,التماس الشيخ أسامه زيني ـ القضية 42824717 ـ من المستشار.docx | طلب النقض على صك الاستئناف الثانية | مذكرة طلب النقض على الحكم النهائي | مرفق 3 ـ مذكرة أبو راشد ـ 23-01-1443 | مرفق 6 ـ مذكرة أبو راشد ـ 15-03-1443,يحتاج تحقق رسمي,[مخرج آلي / Script Output - سماوي],[مخرج آلي يحتاج مراجعة بشرية - وردي]
نظام,نظام القضاء,5,الشكوى ومرفقاتها | شكوى أسامة أحمد زيني ـ دعوى رقم 42824717 ـ 30-04-1445 ـ حجم اقل.pdf | شكوى أسامة أحمد زيني ـ دعوى رقم 42824717.pdf | شكوى اسامة زيني الى وزير العدل ـ قضية رقم 42824717.docx | مذكرة طلب النقض على الحكم النهائي,يحتاج تحقق رسمي,[مخرج آلي / Script Output - سماوي],[مخرج آلي يحتاج مراجعة بشرية - وردي]
مادة,80,5,الشكوى ومرفقاتها | شكوى أسامة أحمد زيني ـ دعوى رقم 42824717 ـ 30-04-1445 ـ حجم اقل.pdf | شكوى أسامة أحمد زيني ـ دعوى رقم 42824717.pdf | شكوى اسامة زيني الى وزير العدل ـ قضية رقم 42824717.docx | مذكرة طلب النقض على الحكم النهائي,يحتاج تحقق رسمي,[مخرج آلي / Script Output - سماوي],[مخرج آلي يحتاج مراجعة بشرية - وردي]
مادة,141,5,الشكوى ومرفقاتها | شكوى أسامة أحمد زيني ـ دعوى رقم 42824717 ـ 30-04-1445 ـ حجم اقل.pdf | شكوى أسامة أحمد زيني ـ دعوى رقم 42824717.pdf | شكوى اسامة زيني الى وزير العدل ـ قضية رقم 42824717.docx | مذكرة طلب النقض على الحكم النهائي,يحتاج تحقق رسمي,[مخرج آلي / Script Output - سماوي],[مخرج آلي يحتاج مراجعة بشرية - وردي]
مادة,17,4,4257FF~1.DOC (مذكرة قديمة بترميز تالف) | التماس الشيخ أسامه زيني ـ القضية 42824717 ـ من المستشار.docx | ردود على حكم الالتماس 717 | مذكرة نقض؟ .docx,يحتاج تحقق رسمي,[مخرج آلي / Script Output - سماوي],[مخرج آلي يحتاج مراجعة بشرية - وردي]
مادة,76,4,التماس الشيخ أسامه زيني ـ القضية 42824717 ـ من المستشار.docx | مذكرة طلب النقض على الحكم النهائي | مرفق 3 ـ مذكرة أبو راشد ـ 23-01-1443 | مرفق 6 ـ مذكرة أبو راشد ـ 15-03-1443,يحتاج تحقق رسمي,[مخرج آلي / Script Output - سماوي],[مخرج آلي يحتاج مراجعة بشرية - وردي]
نظام,نظام الشركات,4,اتفاقية الصلح والتخارج في شركات أحمد زيني وأولاده ـ مصدقة من المحكمة | مذكرة طلب النقض على الحكم النهائي | مرفق 1 ـ مذكرة عزام خوج ـ 05-07-1434 | مرفقات المدعي عدنان زيني في الدعوى رقم 42824717.pdf,يحتاج تحقق رسمي,[مخرج آلي / Script Output - سماوي],[مخرج آلي يحتاج مراجعة بشرية - وردي]
مادة,230,4,طلب النقض من المحكمة العليا على صك حكم نهائي ضد الشيخ اسامة زيني ـ 42824717 - 25-02-1446هـ تم الرفض.pdf | مذكرة التماس من المحامي الشهري بتاريخ 13-07-1445 ـ ومرفقاتها ـ 42824717.pdf | مذكرة النقض الى المحكمة العليا بتاريخ 10-04-1445 ـ 42824717 ـ مرفق به عقود التخارج وتقرير احمد زيني رحمه.pdf | مذكرة النقض للعليا 23-09-1445 ـ مرفق حكم التخارج,يحتاج تحقق رسمي,[مخرج آلي / Script Output - سماوي],[مخرج آلي يحتاج مراجعة بشرية - وردي]
مادة,88,3,4257FF~1.DOC (مذكرة قديمة بترميز تالف) | تقرير عن اسباب رفض النقض قضية 42824717 عدنان زيني ضد الشيخ أسامة زيني 17-04-2025.pdf | مذكرة طلب النقض على الحكم النهائي,يحتاج تحقق رسمي,[مخرج آلي / Script Output - سماوي],[مخرج آلي يحتاج مراجعة بشرية - وردي]
مادة,25,3,4257FF~1.DOC (مذكرة قديمة بترميز تالف) | ردود على حكم الالتماس 717 | مذكرة نقض؟ .docx,يحتاج تحقق رسمي,[مخرج آلي / Script Output - سماوي],[مخرج آلي يحتاج مراجعة بشرية - وردي]
مادة,85,3,شكوى اسامة زيني الى وزير العدل ـ قضية رقم 42824717.docx | طلب النقض على صك الاستئناف الثانية | مذكرة طلب النقض على الحكم النهائي,يحتاج تحقق رسمي,[مخرج آلي / Script Output - سماوي],[مخرج آلي يحتاج مراجعة بشرية - وردي]
مادة,95,2,التماس الشيخ أسامه زيني ـ القضية 42824717 ـ من المستشار.docx | شكوى التفتيش القضائي قضية 42824717 ـ 16-07-2025 ـ موقع.PDF,يحتاج تحقق رسمي,[مخرج آلي / Script Output - سماوي],[مخرج آلي يحتاج مراجعة بشرية - وردي]
مادة,18,2,4257FF~1.DOC (مذكرة قديمة بترميز تالف) | التماس الشيخ أسامه زيني ـ القضية 42824717 ـ من المستشار.docx,يحتاج تحقق رسمي,[مخرج آلي / Script Output - سماوي],[مخرج آلي يحتاج مراجعة بشرية - وردي]
مادة,176,2,رد مجلس القضاء الأعلى على الشكوى ـ 199058 | صورة تقديم 21-05-2024 (2),يحتاج تحقق رسمي,[مخرج آلي / Script Output - سماوي],[مخرج آلي يحتاج مراجعة بشرية - وردي]
مادة,104,1,الإيميل الوارد من الدكتور محمد البنا بشأن دراسة الحكمين في قضية 42824717.pdf,يحتاج تحقق رسمي,[مخرج آلي / Script Output - سماوي],[مخرج آلي يحتاج مراجعة بشرية - وردي]
مادة,90,1,تقرير عن اسباب رفض النقض قضية 42824717 عدنان زيني ضد الشيخ أسامة زيني 17-04-2025.pdf,يحتاج تحقق رسمي,[مخرج آلي / Script Output - سماوي],[مخرج آلي يحتاج مراجعة بشرية - وردي]
مادة,5,1,حكم برفض الولاية على الشيخ أحمد زيني من القاضي اللحيدان ـ 08-06-1433هـ.pdf,يحتاج تحقق رسمي,[مخرج آلي / Script Output - سماوي],[مخرج آلي يحتاج مراجعة بشرية - وردي]
مادة,79,1,حكم برفض الولاية على الشيخ أحمد زيني من القاضي اللحيدان ـ 08-06-1433هـ.pdf,يحتاج تحقق رسمي,[مخرج آلي / Script Output - سماوي],[مخرج آلي يحتاج مراجعة بشرية - وردي]
مادة,129,1,حكم برفض الولاية على الشيخ أحمد زيني من القاضي اللحيدان ـ 08-06-1433هـ.pdf,يحتاج تحقق رسمي,[مخرج آلي / Script Output - سماوي],[مخرج آلي يحتاج مراجعة بشرية - وردي]
مادة,239,1,حكم برفض الولاية على الشيخ أحمد زيني من القاضي اللحيدان ـ 08-06-1433هـ.pdf,يحتاج تحقق رسمي,[مخرج آلي / Script Output - سماوي],[مخرج آلي يحتاج مراجعة بشرية - وردي]
مادة,89,1,التماس الشيخ أسامه زيني ـ القضية 42824717 ـ من المستشار.docx,يحتاج تحقق رسمي,[مخرج آلي / Script Output - سماوي],[مخرج آلي يحتاج مراجعة بشرية - وردي]
مادة,94,1,التماس الشيخ أسامه زيني ـ القضية 42824717 ـ من المستشار.docx,يحتاج تحقق رسمي,[مخرج آلي / Script Output - سماوي],[مخرج آلي يحتاج مراجعة بشرية - وردي]
مادة,170,1,طلب اعادة فتح شكوى رقم 199058 المجلس الأعلى للقضاء ـ في 13-11-1445 ـ 21-05-2024.pdf,يحتاج تحقق رسمي,[مخرج آلي / Script Output - سماوي],[مخرج آلي يحتاج مراجعة بشرية - وردي]
مادة,93,1,4257FF~1.DOC (مذكرة قديمة بترميز تالف),يحتاج تحقق رسمي,[مخرج آلي / Script Output - سماوي],[مخرج آلي يحتاج مراجعة بشرية - وردي]
مادة,194,1,4257FF~1.DOC (مذكرة قديمة بترميز تالف),يحتاج تحقق رسمي,[مخرج آلي / Script Output - سماوي],[مخرج آلي يحتاج مراجعة بشرية - وردي]
مادة,47,1,مذكرة التماس الحاقية في 8-8-1445 ـ على الحكم النهائي ـ دائرة الاستئناف الثانية ضد الشيخ اسامة زيني ـ 42824717.pdf,يحتاج تحقق رسمي,[مخرج آلي / Script Output - سماوي],[مخرج آلي يحتاج مراجعة بشرية - وردي]
مادة,69,1,مذكرة التماس الحاقية في 8-8-1445 ـ على الحكم النهائي ـ دائرة الاستئناف الثانية ضد الشيخ اسامة زيني ـ 42824717.pdf,يحتاج تحقق رسمي,[مخرج آلي / Script Output - سماوي],[مخرج آلي يحتاج مراجعة بشرية - وردي]
مادة,185,1,مذكرة التماس الحاقية في 8-8-1445 ـ على الحكم النهائي ـ دائرة الاستئناف الثانية ضد الشيخ اسامة زيني ـ 42824717.pdf,يحتاج تحقق رسمي,[مخرج آلي / Script Output - سماوي],[مخرج آلي يحتاج مراجعة بشرية - وردي]
مادة,143,1,مذكرة إلحاقية على قضية 42824717 ـ التماس ـ تناقض الحكم - 28-01-2026.pdf,يحتاج تحقق رسمي,[مخرج آلي / Script Output - سماوي],[مخرج آلي يحتاج مراجعة بشرية - وردي]
نظام,النظام الاساسي للحكم,1,مذكرة طلب النقض على الحكم النهائي,يحتاج تحقق رسمي,[مخرج آلي / Script Output - سماوي],[مخرج آلي يحتاج مراجعة بشرية - وردي]
مادة,24,1,مذكرة طلب النقض على الحكم النهائي,يحتاج تحقق رسمي,[مخرج آلي / Script Output - سماوي],[مخرج آلي يحتاج مراجعة بشرية - وردي]
مادة,162,1,مذكرة طلب النقض على الحكم النهائي,يحتاج تحقق رسمي,[مخرج آلي / Script Output - سماوي],[مخرج آلي يحتاج مراجعة بشرية - وردي]
مادة,165,1,مرفق 1 ـ مذكرة عزام خوج ـ 05-07-1434,يحتاج تحقق رسمي,[مخرج آلي / Script Output - سماوي],[مخرج آلي يحتاج مراجعة بشرية - وردي]
مادة,33,1,مرفق 6 ـ مذكرة أبو راشد ـ 15-03-1443,يحتاج تحقق رسمي,[مخرج آلي / Script Output - سماوي],[مخرج آلي يحتاج مراجعة بشرية - وردي]
مادة,175,1,طلب اعادة فتح شكوى رقم 199058 ـ في 13-11-1445 ـ 21-05-2024.JPG,يحتاج تحقق رسمي,[مخرج آلي / Script Output - سماوي],[مخرج آلي يحتاج مراجعة بشرية - وردي]
مادة,8,1,الشكوى ومرفقاتها,يحتاج تحقق رسمي,[مخرج آلي / Script Output - سماوي],[مخرج آلي يحتاج مراجعة بشرية - وردي]
مادة,96,1,الشكوى ومرفقاتها,يحتاج تحقق رسمي,[مخرج آلي / Script Output - سماوي],[مخرج آلي يحتاج مراجعة بشرية - وردي]
مادة,100,1,الشكوى ومرفقاتها,يحتاج تحقق رسمي,[مخرج آلي / Script Output - سماوي],[مخرج آلي يحتاج مراجعة بشرية - وردي]
